#
# There is insufficient memory for the Java Runtime Environment to continue.
# Native memory allocation (mmap) failed to map 65536 bytes. Error detail: Failed to commit metaspace.
# Possible reasons:
#   The system is out of physical RAM or swap space
#   This process is running with CompressedOops enabled, and the Java Heap may be blocking the growth of the native heap
# Possible solutions:
#   Reduce memory load on the system
#   Increase physical memory or swap space
#   Check if swap backing store is full
#   Decrease Java heap size (-Xmx/-Xms)
#   Decrease number of Java threads
#   Decrease Java thread stack sizes (-Xss)
#   Set larger code cache with -XX:ReservedCodeCacheSize=
#   JVM is running with Unscaled Compressed Oops mode in which the Java heap is
#     placed in the first 4GB address space. The Java Heap base address is the
#     maximum limit for the native heap growth. Please use -XX:HeapBaseMinAddress
#     to set the Java Heap base and to place the Java Heap above 4GB virtual address.
# This output file may be truncated or incomplete.
#
#  Out of Memory Error (virtualSpaceNode.cpp:113), pid=8708, tid=13796
#
# JRE version: OpenJDK Runtime Environment Zulu24.30+11-CA (24.0.1+9) (build 24.0.1+9)
# Java VM: OpenJDK 64-Bit Server VM Zulu24.30+11-CA (24.0.1+9, mixed mode, emulated-client, sharing, tiered, compressed oops, compressed class ptrs, g1 gc, windows-amd64)
# No core dump will be written. Minidumps are not enabled by default on client versions of Windows
#

---------------  S U M M A R Y ------------

Command Line: -XX:TieredStopAtLevel=1 institution_gestion_notes.InstitutionGestionNotesApplication

Host: Intel(R) Core(TM) i3-8130U CPU @ 2.20GHz, 4 cores, 3G,  Windows 10 , 64 bit Build 19041 (10.0.19041.5915)
Time: Sat Feb 14 00:52:10 2026 Eastern Standard Time elapsed time: 23.187795 seconds (0d 0h 0m 23s)

---------------  T H R E A D  ---------------

Current thread (0x0000021ed3009cc0):  JavaThread "main"             [_thread_in_vm, id=13796, stack(0x0000009889b00000,0x0000009889c00000) (1024K)]

Stack: [0x0000009889b00000,0x0000009889c00000]
Native frames: (J=compiled Java code, j=interpreted, Vv=VM code, C=native code)
V  [jvm.dll+0x7410c9]  (no source info available)
V  [jvm.dll+0x97def3]  (no source info available)
V  [jvm.dll+0x98021d]  (no source info available)
V  [jvm.dll+0x980893]  (no source info available)
V  [jvm.dll+0x2b5b16]  (no source info available)
V  [jvm.dll+0x979b6e]  (no source info available)
V  [jvm.dll+0x6db675]  (no source info available)
V  [jvm.dll+0x213f7c]  (no source info available)
V  [jvm.dll+0x213d4e]  (no source info available)
V  [jvm.dll+0x6de27a]  (no source info available)
V  [jvm.dll+0x6dde37]  (no source info available)
V  [jvm.dll+0x25686c]  (no source info available)
V  [jvm.dll+0x6dc098]  (no source info available)
V  [jvm.dll+0x409f15]  (no source info available)
V  [jvm.dll+0x23d2bb]  (no source info available)
V  [jvm.dll+0x60e11d]  (no source info available)
V  [jvm.dll+0x8ee326]  (no source info available)
V  [jvm.dll+0x4c2e9b]  (no source info available)
V  [jvm.dll+0x4c8b25]  (no source info available)
C  [java.dll+0x17ba]  (no source info available)

Java frames: (J=compiled Java code, j=interpreted, Vv=VM code)
J 554  java.lang.ClassLoader.defineClass1(Ljava/lang/ClassLoader;Ljava/lang/String;[BIILjava/security/ProtectionDomain;Ljava/lang/String;)Ljava/lang/Class; java.base@24.0.1 (0 bytes) @ 0x0000021eddfadfc1 [0x0000021eddfadf00+0x00000000000000c1]
J 940 c1 java.lang.ClassLoader.defineClass(Ljava/lang/String;[BIILjava/security/ProtectionDomain;)Ljava/lang/Class; java.base@24.0.1 (43 bytes) @ 0x0000021ede02927c [0x0000021ede029160+0x000000000000011c]
J 737 c1 jdk.internal.loader.BuiltinClassLoader.defineClass(Ljava/lang/String;Ljdk/internal/loader/Resource;)Ljava/lang/Class; java.base@24.0.1 (121 bytes) @ 0x0000021eddff00dc [0x0000021eddfefb40+0x000000000000059c]
J 926 c1 jdk.internal.loader.BuiltinClassLoader.findClassOnClassPathOrNull(Ljava/lang/String;)Ljava/lang/Class; java.base@24.0.1 (38 bytes) @ 0x0000021ede024a84 [0x0000021ede024820+0x0000000000000264]
J 432 c1 jdk.internal.loader.BuiltinClassLoader.loadClassOrNull(Ljava/lang/String;Z)Ljava/lang/Class; java.base@24.0.1 (143 bytes) @ 0x0000021eddf83f84 [0x0000021eddf83b60+0x0000000000000424]
J 574 c1 jdk.internal.loader.BuiltinClassLoader.loadClass(Ljava/lang/String;Z)Ljava/lang/Class; java.base@24.0.1 (22 bytes) @ 0x0000021eddfb341c [0x0000021eddfb33c0+0x000000000000005c]
J 573 c1 java.lang.ClassLoader.loadClass(Ljava/lang/String;)Ljava/lang/Class; java.base@24.0.1 (7 bytes) @ 0x0000021eddfb30f4 [0x0000021eddfb30a0+0x0000000000000054]
v  ~StubRoutines::call_stub 0x0000021edde00fcd
j  org.hibernate.query.hql.internal.HqlParseTreeBuilder.buildHqlParser(Ljava/lang/String;Lorg/hibernate/grammars/hql/HqlLexer;)Lorg/hibernate/grammars/hql/HqlParser;+0
j  org.hibernate.query.hql.internal.StandardHqlTranslator.parseHql(Ljava/lang/String;)Lorg/hibernate/grammars/hql/HqlParser$StatementContext;+13
j  org.hibernate.query.hql.internal.StandardHqlTranslator.translate(Ljava/lang/String;Ljava/lang/Class;)Lorg/hibernate/query/sqm/tree/SqmStatement;+13
j  org.hibernate.query.internal.QueryInterpretationCacheStandardImpl.createHqlInterpretation(Ljava/lang/String;Ljava/lang/Class;Lorg/hibernate/query/hql/HqlTranslator;Lorg/hibernate/stat/spi/StatisticsImplementor;)Lorg/hibernate/query/spi/HqlInterpretation;+25
j  org.hibernate.query.internal.QueryInterpretationCacheStandardImpl.resolveHqlInterpretation(Ljava/lang/String;Ljava/lang/Class;Lorg/hibernate/query/hql/HqlTranslator;)Lorg/hibernate/query/spi/HqlInterpretation;+126
j  org.hibernate.query.spi.QueryEngine.interpretHql(Ljava/lang/String;Ljava/lang/Class;)Lorg/hibernate/query/spi/HqlInterpretation;+14
j  org.hibernate.internal.AbstractSharedSessionContract.interpretHql(Ljava/lang/String;Ljava/lang/Class;)Lorg/hibernate/query/spi/HqlInterpretation;+11
j  org.hibernate.internal.AbstractSharedSessionContract.createQuery(Ljava/lang/String;Ljava/lang/Class;)Lorg/hibernate/query/spi/QueryImplementor;+7
j  org.hibernate.internal.AbstractSharedSessionContract.createQuery(Ljava/lang/String;)Lorg/hibernate/query/spi/QueryImplementor;+3
j  org.hibernate.internal.AbstractSharedSessionContract.createQuery(Ljava/lang/String;)Lorg/hibernate/query/Query;+2
j  java.lang.invoke.LambdaForm$DMH+0x0000021e8103c400.invokeInterface(Ljava/lang/Object;Ljava/lang/Object;Ljava/lang/Object;)Ljava/lang/Object;+24 java.base@24.0.1
j  java.lang.invoke.LambdaForm$MH+0x0000021e8103cc00.invoke(Ljava/lang/Object;Ljava/lang/Object;Ljava/lang/Object;)Ljava/lang/Object;+52 java.base@24.0.1
J 4310 c1 jdk.internal.reflect.DirectMethodHandleAccessor.invoke(Ljava/lang/Object;[Ljava/lang/Object;)Ljava/lang/Object; java.base@24.0.1 (92 bytes) @ 0x0000021ede4472b4 [0x0000021ede446f80+0x0000000000000334]
J 4422 c1 java.lang.reflect.Method.invoke(Ljava/lang/Object;[Ljava/lang/Object;)Ljava/lang/Object; java.base@24.0.1 (108 bytes) @ 0x0000021ede13d34c [0x0000021ede13d180+0x00000000000001cc]
j  org.springframework.orm.jpa.ExtendedEntityManagerCreator$ExtendedEntityManagerInvocationHandler.invoke(Ljava/lang/Object;Ljava/lang/reflect/Method;[Ljava/lang/Object;)Ljava/lang/Object;+480
j  jdk.proxy2.$Proxy131.createQuery(Ljava/lang/String;)Ljakarta/persistence/Query;+16 jdk.proxy2
j  org.springframework.data.jpa.repository.query.SimpleJpaQuery.validateQuery(Lorg/springframework/data/jpa/repository/query/QueryProvider;Ljava/lang/String;Lorg/springframework/data/jpa/repository/query/JpaQueryMethod;)V+45
j  org.springframework.data.jpa.repository.query.SimpleJpaQuery.<init>(Lorg/springframework/data/jpa/repository/query/JpaQueryMethod;Ljakarta/persistence/EntityManager;Lorg/springframework/data/jpa/repository/query/DeclaredQuery;Lorg/springframework/data/jpa/repository/query/DeclaredQuery;Lorg/springframework/data/jpa/repository/query/JpaQueryConfiguration;)V+19
j  org.springframework.data.jpa.repository.query.JpaQueryLookupStrategy$DeclaredQueryLookupStrategy.createStringQuery(Lorg/springframework/data/jpa/repository/query/JpaQueryMethod;Ljakarta/persistence/EntityManager;Lorg/springframework/data/jpa/repository/query/DeclaredQuery;Lorg/springframework/data/jpa/repository/query/DeclaredQuery;Lorg/springframework/data/jpa/repository/query/JpaQueryConfiguration;)Lorg/springframework/data/jpa/repository/query/AbstractJpaQuery;+47
j  org.springframework.data.jpa.repository.query.JpaQueryLookupStrategy$DeclaredQueryLookupStrategy.resolveQuery(Lorg/springframework/data/jpa/repository/query/JpaQueryMethod;Lorg/springframework/data/jpa/repository/query/JpaQueryConfiguration;Ljakarta/persistence/EntityManager;Lorg/springframework/data/repository/core/NamedQueries;)Lorg/springframework/data/repository/query/RepositoryQuery;+63
j  org.springframework.data.jpa.repository.query.JpaQueryLookupStrategy$CreateIfNotFoundQueryLookupStrategy.resolveQuery(Lorg/springframework/data/jpa/repository/query/JpaQueryMethod;Lorg/springframework/data/jpa/repository/query/JpaQueryConfiguration;Ljakarta/persistence/EntityManager;Lorg/springframework/data/repository/core/NamedQueries;)Lorg/springframework/data/repository/query/RepositoryQuery;+9
j  org.springframework.data.jpa.repository.query.JpaQueryLookupStrategy$AbstractQueryLookupStrategy.resolveQuery(Ljava/lang/reflect/Method;Lorg/springframework/data/repository/core/RepositoryMetadata;Lorg/springframework/data/projection/ProjectionFactory;Lorg/springframework/data/repository/core/NamedQueries;)Lorg/springframework/data/repository/query/RepositoryQuery;+27
j  org.springframework.data.repository.core.support.QueryExecutorMethodInterceptor.lookupQuery(Ljava/lang/reflect/Method;Lorg/springframework/data/repository/core/RepositoryInformation;Lorg/springframework/data/repository/query/QueryLookupStrategy;Lorg/springframework/data/projection/ProjectionFactory;)Lorg/springframework/data/util/Pair;+10
j  org.springframework.data.repository.core.support.QueryExecutorMethodInterceptor.mapMethodsToQuery(Lorg/springframework/data/repository/core/RepositoryInformation;Lorg/springframework/data/repository/query/QueryLookupStrategy;Lorg/springframework/data/projection/ProjectionFactory;)Ljava/util/Map;+62
j  org.springframework.data.repository.core.support.QueryExecutorMethodInterceptor.<init>(Lorg/springframework/data/repository/core/RepositoryInformation;Lorg/springframework/data/projection/ProjectionFactory;Lorg/springframework/data/repository/query/QueryLookupStrategy;Lorg/springframework/data/repository/core/NamedQueries;Ljava/util/List;Ljava/util/List;)V+118
j  org.springframework.data.repository.core.support.RepositoryFactorySupport.getRepository(Ljava/lang/Class;Lorg/springframework/data/repository/core/support/RepositoryComposition$RepositoryFragments;)Ljava/lang/Object;+551
j  org.springframework.data.repository.core.support.RepositoryFactoryBeanSupport.lambda$afterPropertiesSet$1(Lorg/springframework/data/repository/core/support/RepositoryComposition$RepositoryFragments;)Lorg/springframework/data/repository/Repository;+9
j  org.springframework.data.repository.core.support.RepositoryFactoryBeanSupport$$Lambda+0x0000021e816f3c88.get()Ljava/lang/Object;+8
J 5499 c1 org.springframework.data.util.Lazy.get()Ljava/lang/Object; (21 bytes) @ 0x0000021ede597f2c [0x0000021ede597ec0+0x000000000000006c]
j  org.springframework.data.repository.core.support.RepositoryFactoryBeanSupport.afterPropertiesSet()V+249
j  org.springframework.data.jpa.repository.support.JpaRepositoryFactoryBean.afterPropertiesSet()V+18
j  org.springframework.beans.factory.support.AbstractAutowireCapableBeanFactory.invokeInitMethods(Ljava/lang/String;Ljava/lang/Object;Lorg/springframework/beans/factory/support/RootBeanDefinition;)V+56
j  org.springframework.beans.factory.support.AbstractAutowireCapableBeanFactory.initializeBean(Ljava/lang/String;Ljava/lang/Object;Lorg/springframework/beans/factory/support/RootBeanDefinition;)Ljava/lang/Object;+46
j  org.springframework.beans.factory.support.AbstractAutowireCapableBeanFactory.doCreateBean(Ljava/lang/String;Lorg/springframework/beans/factory/support/RootBeanDefinition;[Ljava/lang/Object;)Ljava/lang/Object;+228
j  org.springframework.beans.factory.support.AbstractAutowireCapableBeanFactory.createBean(Ljava/lang/String;Lorg/springframework/beans/factory/support/RootBeanDefinition;[Ljava/lang/Object;)Ljava/lang/Object;+153
j  org.springframework.beans.factory.support.AbstractBeanFactory.lambda$doGetBean$0(Ljava/lang/String;Lorg/springframework/beans/factory/support/RootBeanDefinition;[Ljava/lang/Object;)Ljava/lang/Object;+4
j  org.springframework.beans.factory.support.AbstractBeanFactory$$Lambda+0x0000021e811b2660.getObject()Ljava/lang/Object;+16
j  org.springframework.beans.factory.support.DefaultSingletonBeanRegistry.getSingleton(Ljava/lang/String;Lorg/springframework/beans/factory/ObjectFactory;)Ljava/lang/Object;+897
J 2958 c1 org.springframework.beans.factory.support.AbstractBeanFactory.doGetBean(Ljava/lang/String;Ljava/lang/Class;[Ljava/lang/Object;Z)Ljava/lang/Object; (791 bytes) @ 0x0000021ede295da4 [0x0000021ede295700+0x00000000000006a4]
J 3881 c1 org.springframework.beans.factory.support.AbstractBeanFactory.getBean(Ljava/lang/String;Ljava/lang/Class;)Ljava/lang/Object; (9 bytes) @ 0x0000021ede3c49f4 [0x0000021ede3c49a0+0x0000000000000054]
j  org.springframework.beans.factory.support.DefaultListableBeanFactory.resolveBean(Ljava/lang/String;Lorg/springframework/core/ResolvableType;)Ljava/lang/Object;+6
j  org.springframework.beans.factory.support.DefaultListableBeanFactory.doResolveDependency(Lorg/springframework/beans/factory/config/DependencyDescriptor;Ljava/lang/String;Ljava/util/Set;Lorg/springframework/beans/TypeConverter;)Ljava/lang/Object;+350
j  org.springframework.beans.factory.support.DefaultListableBeanFactory.resolveDependency(Lorg/springframework/beans/factory/config/DependencyDescriptor;Ljava/lang/String;Ljava/util/Set;Lorg/springframework/beans/TypeConverter;)Ljava/lang/Object;+117
j  org.springframework.beans.factory.support.ConstructorResolver.resolveAutowiredArgument(Lorg/springframework/beans/factory/config/DependencyDescriptor;Ljava/lang/Class;Ljava/lang/String;Ljava/util/Set;Lorg/springframework/beans/TypeConverter;Z)Ljava/lang/Object;+56
j  org.springframework.beans.factory.support.ConstructorResolver.createArgumentArray(Ljava/lang/String;Lorg/springframework/beans/factory/support/RootBeanDefinition;Lorg/springframework/beans/factory/config/ConstructorArgumentValues;Lorg/springframework/beans/BeanWrapper;[Ljava/lang/Class;[Ljava/lang/String;Ljava/lang/reflect/Executable;ZZ)Lorg/springframework/beans/factory/support/ConstructorResolver$ArgumentsHolder;+420
j  org.springframework.beans.factory.support.ConstructorResolver.autowireConstructor(Ljava/lang/String;Lorg/springframework/beans/factory/support/RootBeanDefinition;[Ljava/lang/reflect/Constructor;[Ljava/lang/Object;)Lorg/springframework/beans/BeanWrapper;+533
j  org.springframework.beans.factory.support.AbstractAutowireCapableBeanFactory.autowireConstructor(Ljava/lang/String;Lorg/springframework/beans/factory/support/RootBeanDefinition;[Ljava/lang/reflect/Constructor;[Ljava/lang/Object;)Lorg/springframework/beans/BeanWrapper;+13
j  org.springframework.beans.factory.support.AbstractAutowireCapableBeanFactory.createBeanInstance(Ljava/lang/String;Lorg/springframework/beans/factory/support/RootBeanDefinition;[Ljava/lang/Object;)Lorg/springframework/beans/BeanWrapper;+213
j  org.springframework.beans.factory.support.AbstractAutowireCapableBeanFactory.doCreateBean(Ljava/lang/String;Lorg/springframework/beans/factory/support/RootBeanDefinition;[Ljava/lang/Object;)Ljava/lang/Object;+34
j  org.springframework.beans.factory.support.AbstractAutowireCapableBeanFactory.createBean(Ljava/lang/String;Lorg/springframework/beans/factory/support/RootBeanDefinition;[Ljava/lang/Object;)Ljava/lang/Object;+153
j  org.springframework.beans.factory.support.AbstractBeanFactory.lambda$doGetBean$0(Ljava/lang/String;Lorg/springframework/beans/factory/support/RootBeanDefinition;[Ljava/lang/Object;)Ljava/lang/Object;+4
j  org.springframework.beans.factory.support.AbstractBeanFactory$$Lambda+0x0000021e811b2660.getObject()Ljava/lang/Object;+16
j  org.springframework.beans.factory.support.DefaultSingletonBeanRegistry.getSingleton(Ljava/lang/String;Lorg/springframework/beans/factory/ObjectFactory;)Ljava/lang/Object;+897
J 2958 c1 org.springframework.beans.factory.support.AbstractBeanFactory.doGetBean(Ljava/lang/String;Ljava/lang/Class;[Ljava/lang/Object;Z)Ljava/lang/Object; (791 bytes) @ 0x0000021ede295da4 [0x0000021ede295700+0x00000000000006a4]
j  org.springframework.beans.factory.support.AbstractBeanFactory.getBean(Ljava/lang/String;)Ljava/lang/Object;+5
j  org.springframework.beans.factory.support.DefaultListableBeanFactory.instantiateSingleton(Ljava/lang/String;)V+51
j  org.springframework.beans.factory.support.DefaultListableBeanFactory.preInstantiateSingleton(Ljava/lang/String;Lorg/springframework/beans/factory/support/RootBeanDefinition;)Ljava/util/concurrent/CompletableFuture;+141
j  org.springframework.beans.factory.support.DefaultListableBeanFactory.preInstantiateSingletons()V+130
j  org.springframework.context.support.AbstractApplicationContext.finishBeanFactoryInitialization(Lorg/springframework/beans/factory/config/ConfigurableListableBeanFactory;)V+290
j  org.springframework.context.support.AbstractApplicationContext.refresh()V+94
j  org.springframework.boot.web.server.servlet.context.ServletWebServerApplicationContext.refresh()V+1
j  org.springframework.boot.SpringApplication.refresh(Lorg/springframework/context/ConfigurableApplicationContext;)V+1
j  org.springframework.boot.SpringApplication.refreshContext(Lorg/springframework/context/ConfigurableApplicationContext;)V+19
j  org.springframework.boot.SpringApplication.run([Ljava/lang/String;)Lorg/springframework/context/ConfigurableApplicationContext;+113
j  org.springframework.boot.SpringApplication.run([Ljava/lang/Class;[Ljava/lang/String;)Lorg/springframework/context/ConfigurableApplicationContext;+9
j  org.springframework.boot.SpringApplication.run(Ljava/lang/Class;[Ljava/lang/String;)Lorg/springframework/context/ConfigurableApplicationContext;+9
j  institution_gestion_notes.InstitutionGestionNotesApplication.main([Ljava/lang/String;)V+3
v  ~StubRoutines::call_stub 0x0000021edde00fcd
Lock stack of current Java thread (top to bottom):
LockStack[1]: java.lang.Object 
{0x00000000c3f21e30} - klass: 'java/lang/Object' - flags: 

 - ---- fields (total size 2 words):
LockStack[0]: [I 
{0x00000000c42ca248} - klass: {type array int} - flags: is_cloneable_fast 

 - length: 0


Compiled method (n/a) 23508  554     n 0       java.lang.ClassLoader::defineClass1 (native)
 total in heap  [0x0000021eddfade08,0x0000021eddfae210] = 1032
 relocation     [0x0000021eddfadee0,0x0000021eddfadef8] = 24
 main code      [0x0000021eddfadf00,0x0000021eddfae20b] = 779
 stub code      [0x0000021eddfae20b,0x0000021eddfae210] = 5

[Constant Pool (empty)]

[MachCode]
[Entry Point]
  # {method} {0x0000021e80473068} 'defineClass1' '(Ljava/lang/ClassLoader;Ljava/lang/String;[BIILjava/security/ProtectionDomain;Ljava/lang/String;)Ljava/lang/Class;' in 'java/lang/ClassLoader'
  # parm0:    rdx:rdx   = 'java/lang/ClassLoader'
  # parm1:    r8:r8     = 'java/lang/String'
  # parm2:    r9:r9     = '[B'
  # parm3:    rdi       = int
  # parm4:    rsi       = int
  # parm5:    rcx:rcx   = 'java/security/ProtectionDomain'
  # parm6:    [sp+0xa0]   = 'java/lang/String'  (sp of caller)
  0x0000021eddfadf00: 6690 448b | 5208 443b 

  0x0000021eddfadf08: ;   {runtime_call Shared Runtime ic_miss_blob}
  0x0000021eddfadf08: 5008 0f85 | 5008 eaff 
[Verified Entry Point]
  0x0000021eddfadf10: 8984 2400 | 80ff ff55 | 488b ec48 | 81ec 9000 | 0000 6690 | 4181 7f20 | 0900 0000 

  0x0000021eddfadf2c: ;   {runtime_call StubRoutines (final stubs)}
  0x0000021eddfadf2c: 7405 e88d | 79e8 ff48 | 837d 1000 | 488d 4510 | 480f 4445 | 1048 8944 | 2440 4889 | 4c24 7048 
  0x0000021eddfadf4c: 83f9 0048 | 8d44 2470 | 480f 4444 | 2470 4889 | 4424 3848 | 8974 2430 | 4889 7c24 | 284c 894c 
  0x0000021eddfadf6c: 2458 4983 | f900 488d | 4424 5848 | 0f44 4424 | 5848 8944 | 2420 4c89 | 4424 5049 | 83f8 004c 
  0x0000021eddfadf8c: 8d4c 2450 | 4c0f 444c | 2450 4889 | 5424 4848 | 83fa 004c | 8d44 2448 | 4c0f 4444 

  0x0000021eddfadfa8: ;   {oop(a 'java/lang/Class'{0x00000000ffe7c790} = 'java/lang/ClassLoader')}
  0x0000021eddfadfa8: 2448 49be | 90c7 e7ff | 0000 0000 | 4c89 7424 | 784c 8d74 | 2478 498b | d6c5 f877 

  0x0000021eddfadfc4: ;   {internal_word}
  0x0000021eddfadfc4: 49ba c1df | fadd 1e02 | 0000 4d89 | 97b0 0300 | 0049 89a7 | a803 0000 | 498d 8fc8 | 0300 0041 
  0x0000021eddfadfe4: c787 5404 | 0000 0400 

  0x0000021eddfadfec: ;   {runtime_call}
  0x0000021eddfadfec: 0000 48b8 | 7816 d190 | fd7f 0000 | ffd0 c5f8 | 7741 c787 | 5404 0000 | 0500 0000 | f083 4424 
  0x0000021eddfae00c: c000 493b | 6f28 0f87 | 0e00 0000 | 4183 bf50 | 0400 0000 | 0f84 2b00 | 0000 c5f8 | 7748 8945 
  0x0000021eddfae02c: f849 8bcf | 4c8b e448 | 83ec 2048 

  0x0000021eddfae038: ;   {runtime_call}
  0x0000021eddfae038: 83e4 f048 | b830 a513 | 7afd 7f00 | 00ff d049 | 8be4 4d33 | e448 8b45 | f841 c787 | 5404 0000 
  0x0000021eddfae058: 0800 0000 | 4183 bfd0 | 0400 0002 | 0f84 7401 | 0000 49c7 | 87a8 0300 | 0000 0000 | 0049 c787 
  0x0000021eddfae078: b003 0000 | 0000 0000 | c5f8 7748 | 85c0 0f84 | 2f01 0000 | a803 0f85 | 0800 0000 | 488b 00e9 
  0x0000021eddfae098: 1f01 0000 | a801 0f85 | 0900 0000 | 488b 40fe | e90e 0100 | 0048 8b40 | ff41 807f | 4800 0f84 
  0x0000021eddfae0b8: ff00 0000 | 4883 f800 | 0f84 f500 | 0000 498b | 4f38 4885 | c90f 8414 | 0000 0048 | 83e9 0849 
  0x0000021eddfae0d8: 894f 3849 | 034f 4048 | 8901 e9d4 | 0000 0048 | 83ec 7048 | 8904 2448 | 894c 2408 | 4889 5424 
  0x0000021eddfae0f8: 104c 8944 | 2418 4c89 | 4c24 204c | 8954 2428 | 4c89 5c24 | 30c5 fb11 | 4424 40c5 | fb11 4c24 
  0x0000021eddfae118: 48c5 fb11 | 5424 50c5 | fb11 5c24 | 58c5 fb11 | 6424 60c5 | fb11 6c24 | 6849 8bd7 | 488b c848 
  0x0000021eddfae138: ;   {no_reloc}
  0x0000021eddfae138: 83ec 2040 | f6c4 0f0f | 8419 0000 | 0048 83ec 

  0x0000021eddfae148: ;   {runtime_call}
  0x0000021eddfae148: 0848 b890 | 1806 7afd | 7f00 00ff | d048 83c4 | 08e9 0c00 

  0x0000021eddfae15c: ;   {runtime_call}
  0x0000021eddfae15c: 0000 48b8 | 9018 067a | fd7f 0000 | ffd0 4883 | c420 c5fb | 106c 2468 | c5fb 1064 | 2460 c5fb 
  0x0000021eddfae17c: 105c 2458 | c5fb 1054 | 2450 c5fb | 104c 2448 | c5fb 1044 | 2440 4c8b | 5c24 304c | 8b54 2428 
  0x0000021eddfae19c: 4c8b 4c24 | 204c 8b44 | 2418 488b | 5424 1048 | 8b4c 2408 | 488b 0424 | 4883 c470 | c5f8 7749 
  0x0000021eddfae1bc: 8b8f 3804 | 0000 c781 | 0001 0000 | 0000 0000 | c949 837f | 0800 0f85 | 0100 0000 

  0x0000021eddfae1d8: ;   {runtime_call StubRoutines (initial stubs)}
  0x0000021eddfae1d8: c3e9 e22c | e5ff c5f8 | 7748 8945 | f84c 8be4 | 4883 ec20 | 4883 e4f0 

  0x0000021eddfae1f0: ;   {runtime_call}
  0x0000021eddfae1f0: 48b8 5070 | 4b7a fd7f | 0000 ffd0 | 498b e44d | 33e4 488b | 45f8 e95f | feff fff4 | f4f4 f4f4 
[/MachCode]


Compiled method (c1) 23553  940       1       java.lang.ClassLoader::defineClass (43 bytes)
 total in heap  [0x0000021ede029008,0x0000021ede0293d8] = 976
 relocation     [0x0000021ede0290e0,0x0000021ede029148] = 104
 main code      [0x0000021ede029160,0x0000021ede029320] = 448
 stub code      [0x0000021ede029320,0x0000021ede029398] = 120
 metadata       [0x0000021ede029398,0x0000021ede0293d8] = 64
 immutable data [0x0000021ec5c8d1b0,0x0000021ec5c8d348] = 408
 dependencies   [0x0000021ec5c8d1b0,0x0000021ec5c8d1c8] = 24
 nul chk table  [0x0000021ec5c8d1c8,0x0000021ec5c8d1f0] = 40
 scopes pcs     [0x0000021ec5c8d1f0,0x0000021ec5c8d290] = 160
 scopes data    [0x0000021ec5c8d290,0x0000021ec5c8d348] = 184

[Constant Pool (empty)]

[MachCode]
[Instructions begin]
  0x0000021ede029160: 6666 660f | 1f84 0000 | 0000 0066 | 6666 9066 | 6690 448b | 5208 443b 

  0x0000021ede029178: ;   {runtime_call Shared Runtime ic_miss_blob}
  0x0000021ede029178: 5008 0f85 | e055 e2ff 
[Verified Entry Point]
  0x0000021ede029180: 8984 2400 | 80ff ff55 | 4881 ecb0 | 0000 0090 | 4181 7f20 | 0900 0000 

  0x0000021ede029198: ;   {runtime_call StubRoutines (final stubs)}
  0x0000021ede029198: 7405 e821 | c7e0 ff48 | 8954 2478 | 89b4 2494 | 0000 0089 | bc24 9000 | 0000 4c89 | 8c24 8800 
  0x0000021ede0291b8: 0000 498b | d84c 8bc3 | 4c8b c948 | 8bca 488b | d148 899c | 2480 0000 | 0066 0f1f 

  0x0000021ede0291d4: ;   {optimized virtual_call}
  0x0000021ede0291d4: 4400 00e8 

  0x0000021ede0291d8: ; ImmutableOopMap {[120]=Oop [128]=Oop [136]=Oop }
                      ;*invokevirtual preDefineClass {reexecute=0 rethrow=0 return_oop=0}
                      ; - java.lang.ClassLoader::defineClass@4 (line 960)
  0x0000021ede0291d8: 6404 0000 

  0x0000021ede0291dc: ;   {post_call_nop}
  0x0000021ede0291dc: 0f1f 8400 | d401 0000 | 4889 8424 | 9800 0000 

  0x0000021ede0291ec: ; implicit exception: dispatches to 0x0000021ede0292c7
  0x0000021ede0291ec: 448b 4010 | 4d85 c00f | 850f 0000 

  0x0000021ede0291f8: ;   {oop(nullptr)}
  0x0000021ede0291f8: 0048 bb00 | 0000 0000 | 0000 00e9 | 3f00 0000 

  0x0000021ede029208: ; implicit exception: dispatches to 0x0000021ede0292cc
  0x0000021ede029208: 458b 400c | 4d85 c00f | 850f 0000 

  0x0000021ede029214: ;   {oop(nullptr)}
  0x0000021ede029214: 0048 bb00 | 0000 0000 | 0000 00e9 | 2300 0000 

  0x0000021ede029224: ; implicit exception: dispatches to 0x0000021ede0292d1
  0x0000021ede029224: 418b 5038 

  0x0000021ede029228: ; implicit exception: dispatches to 0x0000021ede0292d6
  0x0000021ede029228: 483b 020f 

  0x0000021ede02922c: ;   {optimized virtual_call}
  0x0000021ede02922c: 1f40 00e8 

  0x0000021ede029230: ; ImmutableOopMap {[120]=Oop [128]=Oop [136]=Oop [152]=Oop }
                      ;*invokevirtual toExternalForm {reexecute=0 rethrow=0 return_oop=0}
                      ; - java.net.URL::toExternalForm@5 (line 1151)
                      ; - java.net.URL::toString@1 (line 1137)
                      ; - java.lang.ClassLoader::defineClassSourceLocation@22 (line 864)
                      ; - java.lang.ClassLoader::defineClass@12 (line 961)
  0x0000021ede029230: ac6e f9ff 

  0x0000021ede029234: ;   {post_call_nop}
  0x0000021ede029234: 0f1f 8400 | 2c02 0001 | 488b d848 | 8b84 2498 | 0000 008b | b424 9400 | 0000 8bbc | 2490 0000 
  0x0000021ede029254: 004c 8b8c | 2488 0000 | 004c 8b84 | 2480 0000 | 0048 8b54 | 2478 4c8b | da49 8bd3 | 488b c848 
  0x0000021ede029274: ;   {static_call}
  0x0000021ede029274: 891c 24e8 

  0x0000021ede029278: ; ImmutableOopMap {[120]=Oop [152]=Oop }
                      ;*invokestatic defineClass1 {reexecute=0 rethrow=0 return_oop=0}
                      ; - java.lang.ClassLoader::defineClass@27 (line 962)
  0x0000021ede029278: 944c f8ff 

  0x0000021ede02927c: ;   {post_call_nop}
  0x0000021ede02927c: 0f1f 8400 | 7402 0002 | 4c8b c04c | 8b8c 2498 | 0000 0048 | 8b54 2478 | 4889 8424 | a000 0000 
  0x0000021ede02929c: ;   {optimized virtual_call}
  0x0000021ede02929c: 6666 90e8 

  0x0000021ede0292a0: ; ImmutableOopMap {[160]=Oop }
                      ;*invokevirtual postDefineClass {reexecute=0 rethrow=0 return_oop=0}
                      ; - java.lang.ClassLoader::defineClass@37 (line 963)
  0x0000021ede0292a0: dcf4 ffff 

  0x0000021ede0292a4: ;   {post_call_nop}
  0x0000021ede0292a4: 0f1f 8400 | 9c02 0003 | 488b 8424 | a000 0000 | 4881 c4b0 | 0000 005d 

  0x0000021ede0292bc: ;   {poll_return}
  0x0000021ede0292bc: 493b 6728 | 0f87 1500 

  0x0000021ede0292c4: ;   {runtime_call C1 Runtime throw_null_pointer_exception_blob}
  0x0000021ede0292c4: 0000 c3e8 

  0x0000021ede0292c8: ; ImmutableOopMap {rax=Oop [120]=Oop [128]=Oop [136]=Oop [152]=Oop }
                      ;*invokevirtual getCodeSource {reexecute=0 rethrow=0 return_oop=0}
                      ; - java.lang.ClassLoader::defineClassSourceLocation@1 (line 861)
                      ; - java.lang.ClassLoader::defineClass@12 (line 961)
  0x0000021ede0292c8: 14f5 ecff 

  0x0000021ede0292cc: ;   {runtime_call C1 Runtime throw_null_pointer_exception_blob}
  0x0000021ede0292cc: e80f f5ec 

  0x0000021ede0292d0: ; ImmutableOopMap {rax=Oop [120]=Oop [128]=Oop [136]=Oop [152]=Oop }
                      ;*invokevirtual getLocation {reexecute=0 rethrow=0 return_oop=0}
                      ; - java.lang.ClassLoader::defineClassSourceLocation@12 (line 863)
                      ; - java.lang.ClassLoader::defineClass@12 (line 961)
                      ;   {runtime_call C1 Runtime throw_null_pointer_exception_blob}
  0x0000021ede0292d0: ffe8 0af5 

  0x0000021ede0292d4: ; ImmutableOopMap {r8=Oop [120]=Oop [128]=Oop [136]=Oop [152]=Oop }
                      ;*invokevirtual toString {reexecute=0 rethrow=0 return_oop=0}
                      ; - java.lang.ClassLoader::defineClassSourceLocation@22 (line 864)
                      ; - java.lang.ClassLoader::defineClass@12 (line 961)
                      ;   {runtime_call C1 Runtime throw_null_pointer_exception_blob}
  0x0000021ede0292d4: ecff e805 

  0x0000021ede0292d8: ; ImmutableOopMap {r8=Oop rdx=Oop [120]=Oop [128]=Oop [136]=Oop [152]=Oop }
                      ;*invokevirtual toExternalForm {reexecute=0 rethrow=0 return_oop=0}
                      ; - java.net.URL::toExternalForm@5 (line 1151)
                      ; - java.net.URL::toString@1 (line 1137)
                      ; - java.lang.ClassLoader::defineClassSourceLocation@22 (line 864)
                      ; - java.lang.ClassLoader::defineClass@12 (line 961)
                      ;   {internal_word}
  0x0000021ede0292d8: f5ec ff49 | babc 9202 | de1e 0200 | 004d 8997 | 6004 0000 

  0x0000021ede0292ec: ;   {runtime_call SafepointBlob}
  0x0000021ede0292ec: e9ef c9e2 | ff49 8b87 | 0805 0000 | 49c7 8708 | 0500 0000 | 0000 0049 | c787 1005 | 0000 0000 
  0x0000021ede02930c: 0000 4881 | c4b0 0000 

  0x0000021ede029314: ;   {runtime_call C1 Runtime unwind_exception_blob}
  0x0000021ede029314: 005d e9c5 | e5ec fff4 | f4f4 f4f4 
[Stub Code]
  0x0000021ede029320: ;   {no_reloc}
  0x0000021ede029320: 0f1f 4400 

  0x0000021ede029324: ;   {static_stub}
  0x0000021ede029324: 0048 bb00 | 0000 0000 

  0x0000021ede02932c: ;   {runtime_call nmethod}
  0x0000021ede02932c: 0000 00e9 | fbff ffff 

  0x0000021ede029334: ;   {static_stub}
  0x0000021ede029334: 48bb 2031 | 4780 1e02 

  0x0000021ede02933c: ;   {runtime_call I2C/C2I adapters}
  0x0000021ede02933c: 0000 e9f7 

  0x0000021ede029340: ;   {static_stub}
  0x0000021ede029340: cce2 ff48 | bb00 0000 | 0000 0000 

  0x0000021ede02934c: ;   {runtime_call nmethod}
  0x0000021ede02934c: 00e9 fbff 

  0x0000021ede029350: ;   {static_stub}
  0x0000021ede029350: ffff 48bb | 0000 0000 | 0000 0000 

  0x0000021ede02935c: ;   {runtime_call nmethod}
  0x0000021ede02935c: e9fb ffff 

  0x0000021ede029360: ;   {runtime_call C1 Runtime handle_exception_from_callee_blob}
  0x0000021ede029360: ffe8 fa23 

  0x0000021ede029364: ;   {external_word}
  0x0000021ede029364: edff 48b9 | e034 7b7a | fd7f 0000 | 4883 e4f0 

  0x0000021ede029374: ;   {runtime_call}
  0x0000021ede029374: 48b8 d08d | 387a fd7f | 0000 ffd0 

  0x0000021ede029380: ;   {section_word}
  0x0000021ede029380: f449 ba81 | 9302 de1e | 0200 0041 

  0x0000021ede02938c: ;   {runtime_call DeoptimizationBlob}
  0x0000021ede02938c: 52e9 eebe | e2ff f4f4 | f4f4 f4f4 
[/MachCode]


Compiled method (c1) 23606  737       1       jdk.internal.loader.BuiltinClassLoader::defineClass (121 bytes)
 total in heap  [0x0000021eddfef908,0x0000021eddff03f0] = 2792
 relocation     [0x0000021eddfef9e0,0x0000021eddfefb28] = 328
 main code      [0x0000021eddfefb40,0x0000021eddff0278] = 1848
 stub code      [0x0000021eddff0278,0x0000021eddff0398] = 288
 metadata       [0x0000021eddff0398,0x0000021eddff03f0] = 88
 immutable data [0x0000021ec5b9f710,0x0000021ec5b9fb60] = 1104
 dependencies   [0x0000021ec5b9f710,0x0000021ec5b9f730] = 32
 nul chk table  [0x0000021ec5b9f730,0x0000021ec5b9f750] = 32
 handler table  [0x0000021ec5b9f750,0x0000021ec5b9f768] = 24
 scopes pcs     [0x0000021ec5b9f768,0x0000021ec5b9f908] = 416
 scopes data    [0x0000021ec5b9f908,0x0000021ec5b9fb60] = 600

[Constant Pool (empty)]

[MachCode]
[Instructions begin]
  0x0000021eddfefb40: 6666 660f | 1f84 0000 | 0000 0066 | 6666 9066 | 6690 448b | 5208 443b 

  0x0000021eddfefb58: ;   {runtime_call Shared Runtime ic_miss_blob}
  0x0000021eddfefb58: 5008 0f85 | 00ec e5ff 
[Verified Entry Point]
  0x0000021eddfefb60: 8984 2400 | 80ff ff55 | 4881 ec00 | 0100 0090 | 4181 7f20 | 0900 0000 

  0x0000021eddfefb78: ;   {runtime_call StubRoutines (final stubs)}
  0x0000021eddfefb78: 7405 e841 | 5de4 ff48 | 8994 24a0 | 0000 004c | 8984 2490 | 0000 004c | 898c 2498 | 0000 0049 
  0x0000021eddfefb98: 8bd1 6666 | 9048 b8a0 | 7f5a c51e 

  0x0000021eddfefba4: ;   {virtual_call}
  0x0000021eddfefba4: 0200 00e8 

  0x0000021eddfefba8: ; ImmutableOopMap {[144]=Oop [152]=Oop [160]=Oop }
                      ;*invokevirtual getCodeSourceURL {reexecute=0 rethrow=0 return_oop=0}
                      ; - jdk.internal.loader.BuiltinClassLoader::defineClass@1 (line 756)
  0x0000021eddfefba8: 440c f4ff 

  0x0000021eddfefbac: ;   {post_call_nop}
  0x0000021eddfefbac: 0f1f 8400 | a402 0000 | 4889 8424 | a800 0000 | 4c8b 8424 | 9000 0000 

  0x0000021eddfefbc4: ; implicit exception: dispatches to 0x0000021eddff0178
  0x0000021eddfefbc4: 418b 7014 

  0x0000021eddfefbc8: ; implicit exception: dispatches to 0x0000021eddff017d
  0x0000021eddfefbc8: 8b56 0c45 | 0fbe 4810 | 498b c9c1 | e118 c1f9 | 18d3 fa48 | 8bfa ffcf | 4585 c9ba | 0000 0000 
  0x0000021eddfefbe8: 7505 ba01 | 0000 0083 | e201 85d2 | 488b d641 | b82e 0000 | 004c 8bcf | 0f84 1300 

  0x0000021eddfefc04: ;   {static_call}
  0x0000021eddfefc04: 0000 90e8 

  0x0000021eddfefc08: ; ImmutableOopMap {[144]=Oop [152]=Oop [160]=Oop [168]=Oop }
                      ;*invokestatic lastIndexOf {reexecute=0 rethrow=0 return_oop=0}
                      ; - java.lang.String::lastIndexOf@13 (line 2651)
                      ; - java.lang.String::lastIndexOf@8 (line 2613)
                      ; - jdk.internal.loader.BuiltinClassLoader::defineClass@8 (line 759)
  0x0000021eddfefc08: 14d7 f3ff 

  0x0000021eddfefc0c: ;   {post_call_nop}
  0x0000021eddfefc0c: 0f1f 8400 | 0403 0001 | e913 0000 | 0066 0f1f 

  0x0000021eddfefc1c: ;   {static_call}
  0x0000021eddfefc1c: 4400 00e8 

  0x0000021eddfefc20: ; ImmutableOopMap {[144]=Oop [152]=Oop [160]=Oop [168]=Oop }
                      ;*invokestatic lastIndexOf {reexecute=0 rethrow=0 return_oop=0}
                      ; - java.lang.String::lastIndexOf@25 (line 2652)
                      ; - java.lang.String::lastIndexOf@8 (line 2613)
                      ; - jdk.internal.loader.BuiltinClassLoader::defineClass@8 (line 759)
  0x0000021eddfefc20: 3cf4 e5ff 

  0x0000021eddfefc24: ;   {post_call_nop}
  0x0000021eddfefc24: 0f1f 8400 | 1c03 0002 | 83f8 ff0f | 847f 0000 | 0041 b800 | 0000 004c | 8bc8 488b | 9424 9000 
  0x0000021eddfefc44: ;   {optimized virtual_call}
  0x0000021eddfefc44: 0000 90e8 

  0x0000021eddfefc48: ; ImmutableOopMap {[144]=Oop [152]=Oop [160]=Oop [168]=Oop }
                      ;*invokevirtual substring {reexecute=0 rethrow=0 return_oop=0}
                      ; - jdk.internal.loader.BuiltinClassLoader::defineClass@23 (line 761)
  0x0000021eddfefc48: 3497 f4ff 

  0x0000021eddfefc4c: ;   {post_call_nop}
  0x0000021eddfefc4c: 0f1f 8400 | 4403 0003 | 488b 9424 | 9800 0000 | 4889 8424 | b000 0000 | 9048 b8c8 | 7f5a c51e 
  0x0000021eddfefc6c: ;   {virtual_call}
  0x0000021eddfefc6c: 0200 00e8 

  0x0000021eddfefc70: ; ImmutableOopMap {[144]=Oop [152]=Oop [160]=Oop [168]=Oop [176]=Oop }
                      ;*invokevirtual getManifest {reexecute=0 rethrow=0 return_oop=0}
                      ; - jdk.internal.loader.BuiltinClassLoader::defineClass@29 (line 762)
  0x0000021eddfefc70: ac0b f4ff 

  0x0000021eddfefc74: ;   {post_call_nop}
  0x0000021eddfefc74: 0f1f 8400 | 6c03 0004 | 4c8b 8424 | b000 0000 | 4c8b c848 | 8bbc 24a8 | 0000 0048 | 8b94 24a0 
  0x0000021eddfefc94: 0000 0066 | 0f1f 4400 | 0048 b8f0 | 7f5a c51e 

  0x0000021eddfefca4: ;   {virtual_call}
  0x0000021eddfefca4: 0200 00e8 

  0x0000021eddfefca8: ; ImmutableOopMap {[144]=Oop [152]=Oop [160]=Oop [168]=Oop }
                      ;*invokevirtual defineOrCheckPackage {reexecute=0 rethrow=0 return_oop=0}
                      ; - jdk.internal.loader.BuiltinClassLoader::defineClass@40 (line 763)
  0x0000021eddfefca8: 8608 0000 

  0x0000021eddfefcac: ;   {post_call_nop}
  0x0000021eddfefcac: 0f1f 8400 | a403 0005 | 4c8b 8c24 | 9800 0000 | 488d 9424 | e000 0000 | 4c89 4a08 | 498b 0141 
  0x0000021eddfefccc: 8bb7 5806 | 0000 81fe | a806 0000 | 0f8d a404 | 0000 4d3b | 4c37 f80f | 8425 0000 | 00a8 020f 
  0x0000021eddfefcec: 8591 0400 | 0048 8bf0 | 4883 e6fe | 4883 c801 | f049 0fb1 | 310f 857b | 0400 0041 | 8bb7 5806 
  0x0000021eddfefd0c: 0000 4d89 | 0c37 83c6 | 0841 89b7 | 5806 0000 | 418b 510c | 4885 d20f | 854b 0000 | 0049 8bd1 
  0x0000021eddfefd2c: 9048 b818 | 805a c51e 

  0x0000021eddfefd34: ;   {virtual_call}
  0x0000021eddfefd34: 0200 00e8 

  0x0000021eddfefd38: ; ImmutableOopMap {[144]=Oop [152]=Oop [160]=Oop [168]=Oop [232]=Oop }
                      ;*invokevirtual getInputStream {reexecute=0 rethrow=0 return_oop=0}
                      ; - jdk.internal.loader.Resource::cachedInputStream@9 (line 76)
                      ; - jdk.internal.loader.Resource::getByteBuffer@1 (line 133)
                      ; - jdk.internal.loader.BuiltinClassLoader::defineClass@45 (line 767)
  0x0000021eddfefd38: e405 f4ff 

  0x0000021eddfefd3c: ;   {post_call_nop}
  0x0000021eddfefd3c: 0f1f 8400 | 3404 0006 | 410f be57 | 4885 d24c | 8b8c 2498 | 0000 000f | 853c 0400 | 004c 8bd0 
  0x0000021eddfefd5c: 4589 510c | 498b d148 | 33d0 48c1 | ea14 4883 | fa00 0f85 | 3d04 0000 | 418b 510c | 488d 8424 
  0x0000021eddfefd7c: e000 0000 | 488b 7808 | 418b b758 | 0600 0049 | 3b7c 37f8 | 0f85 3304 | 0000 4183 | af58 0600 
  0x0000021eddfefd9c: 0008 493b | 7c37 f00f | 842a 0000 | 0048 8b07 | a802 0f85 | 1200 0000 | 488b f048 | 83ce 01f0 
  0x0000021eddfefdbc: 480f b137 | 0f84 0d00 | 0000 4183 | 8758 0600 | 0008 e9f6 | 0300 0048 | 85d2 0f84 | 4300 0000 
  0x0000021eddfefddc: ;   {metadata('sun/nio/ByteBuffered')}
  0x0000021eddfefddc: 48b8 a0e0 | 3f80 1e02 | 0000 8b5a | 0849 ba00 | 0000 801e | 0200 0049 | 03da 483b | 4320 0f84 
  0x0000021eddfefdfc: 2400 0000 | 483b d80f | 841b 0000 

  0x0000021eddfefe08: ;   {runtime_call C1 Runtime slow_subtype_check_blob}
  0x0000021eddfefe08: 0053 50e8 | b0c8 f0ff | 5b5b 85db | 0f84 0500 | 0000 e905 | 0000 0048 | 33f6 eb05 | be01 0000 
  0x0000021eddfefe28: 0085 f60f | 8468 0000 | 0048 85d2 | 0f84 4300 

  0x0000021eddfefe38: ;   {metadata('sun/nio/ByteBuffered')}
  0x0000021eddfefe38: 0000 48bb | a0e0 3f80 | 1e02 0000 | 8b7a 0849 | ba00 0000 | 801e 0200 | 0049 03fa | 483b 5f20 
  0x0000021eddfefe58: 0f84 1f00 | 0000 483b | fb0f 8416 | 0000 0057 

  0x0000021eddfefe68: ;   {runtime_call C1 Runtime slow_subtype_check_blob}
  0x0000021eddfefe68: 53e8 52c8 | f0ff 5f5f | 85ff 0f84 | 6703 0000 | e900 0000 | 0048 b840 | 805a c51e 

  0x0000021eddfefe84: ;   {virtual_call}
  0x0000021eddfefe84: 0200 00e8 

  0x0000021eddfefe88: ; ImmutableOopMap {[144]=Oop [152]=Oop [160]=Oop [168]=Oop }
                      ;*invokeinterface getByteBuffer {reexecute=0 rethrow=0 return_oop=0}
                      ; - jdk.internal.loader.Resource::getByteBuffer@16 (line 135)
                      ; - jdk.internal.loader.BuiltinClassLoader::defineClass@45 (line 767)
  0x0000021eddfefe88: d4ee e5ff 

  0x0000021eddfefe8c: ;   {post_call_nop}
  0x0000021eddfefe8c: 0f1f 8400 | 8405 0007 | e90a 0000 

  0x0000021eddfefe98: ;   {oop(nullptr)}
  0x0000021eddfefe98: 0048 b800 | 0000 0000 | 0000 0048 | 85c0 0f84 | 0301 0000 | 4889 8424 | b800 0000 | 488b 9424 
  0x0000021eddfefeb8: 9800 0000 | 9048 b868 | 805a c51e 

  0x0000021eddfefec4: ;   {virtual_call}
  0x0000021eddfefec4: 0200 00e8 

  0x0000021eddfefec8: ; ImmutableOopMap {[144]=Oop [160]=Oop [168]=Oop [184]=Oop }
                      ;*invokevirtual getCodeSigners {reexecute=0 rethrow=0 return_oop=0}
                      ; - jdk.internal.loader.BuiltinClassLoader::defineClass@56 (line 769)
  0x0000021eddfefec8: 94ee e5ff 

  0x0000021eddfefecc: ;   {post_call_nop}
  0x0000021eddfefecc: 0f1f 8400 | c405 0008 

  0x0000021eddfefed4: ;   {metadata('java/security/CodeSource')}
  0x0000021eddfefed4: 4c8b c848 | ba90 c91a | 801e 0200 | 0049 8b87 | c801 0000 | 488d 7828 | 493b bfd8 | 0100 000f 
  0x0000021eddfefef4: 87ef 0200 | 0049 89bf | c801 0000 | 48c7 0001 | 0000 0048 | 8bca 49ba | 0000 0080 | 1e02 0000 
  0x0000021eddfeff14: 492b ca89 | 4808 4833 | c989 480c | 4833 c948 | 8948 1048 | 8948 1848 | 8948 204c | 8b84 24a8 
  0x0000021eddfeff34: 0000 0048 | 8bd0 4889 | 8424 c000 | 0000 0f1f 

  0x0000021eddfeff44: ;   {optimized virtual_call}
  0x0000021eddfeff44: 4400 00e8 

  0x0000021eddfeff48: ; ImmutableOopMap {[144]=Oop [160]=Oop [184]=Oop [192]=Oop }
                      ;*invokespecial <init> {reexecute=0 rethrow=0 return_oop=0}
                      ; - jdk.internal.loader.BuiltinClassLoader::defineClass@68 (line 770)
  0x0000021eddfeff48: 14eb e5ff 

  0x0000021eddfeff4c: ;   {post_call_nop}
  0x0000021eddfeff4c: 0f1f 8400 | 4406 0009 | 4c8b 8424 | c000 0000 | 488b 9424 | a000 0000 

  0x0000021eddfeff64: ;   {optimized virtual_call}
  0x0000021eddfeff64: 6666 90e8 

  0x0000021eddfeff68: ; ImmutableOopMap {[144]=Oop [160]=Oop [184]=Oop }
                      ;*invokevirtual getProtectionDomain {reexecute=0 rethrow=0 return_oop=0}
                      ; - java.security.SecureClassLoader::defineClass@5 (line 164)
                      ; - jdk.internal.loader.BuiltinClassLoader::defineClass@79 (line 771)
  0x0000021eddfeff68: f4ea e5ff 

  0x0000021eddfeff6c: ;   {post_call_nop}
  0x0000021eddfeff6c: 0f1f 8400 | 6406 000a | 4c8b 8424 | 9000 0000 | 4c8b 8c24 | b800 0000 | 488b f848 | 8b94 24a0 
  0x0000021eddfeff8c: ;   {optimized virtual_call}
  0x0000021eddfeff8c: 0000 00e8 

  0x0000021eddfeff90: ; ImmutableOopMap {}
                      ;*invokevirtual defineClass {reexecute=0 rethrow=0 return_oop=0}
                      ; - java.security.SecureClassLoader::defineClass@8 (line 164)
                      ; - jdk.internal.loader.BuiltinClassLoader::defineClass@79 (line 771)
  0x0000021eddfeff90: ccea e5ff 

  0x0000021eddfeff94: ;   {post_call_nop}
  0x0000021eddfeff94: 0f1f 8400 | 8c06 000b | 4881 c400 | 0100 005d 

  0x0000021eddfeffa4: ;   {poll_return}
  0x0000021eddfeffa4: 493b 6728 | 0f87 4702 | 0000 c34c | 8b8c 2498 | 0000 0049 | 8bd1 6666 | 9048 b890 | 805a c51e 
  0x0000021eddfeffc4: ;   {virtual_call}
  0x0000021eddfeffc4: 0200 00e8 

  0x0000021eddfeffc8: ; ImmutableOopMap {[144]=Oop [152]=Oop [160]=Oop [168]=Oop }
                      ;*invokevirtual getBytes {reexecute=0 rethrow=0 return_oop=0}
                      ; - jdk.internal.loader.BuiltinClassLoader::defineClass@84 (line 773)
  0x0000021eddfeffc8: a406 f4ff 

  0x0000021eddfeffcc: ;   {post_call_nop}
  0x0000021eddfeffcc: 0f1f 8400 | c406 000c | 4889 8424 | c800 0000 | 488b 9424 | 9800 0000 | 9048 b8b8 | 805a c51e 
  0x0000021eddfeffec: ;   {virtual_call}
  0x0000021eddfeffec: 0200 00e8 

  0x0000021eddfefff0: ; ImmutableOopMap {[144]=Oop [160]=Oop [168]=Oop [200]=Oop }
                      ;*invokevirtual getCodeSigners {reexecute=0 rethrow=0 return_oop=0}
                      ; - jdk.internal.loader.BuiltinClassLoader::defineClass@90 (line 774)
  0x0000021eddfefff0: 4cf8 0c00 

  0x0000021eddfefff4: ;   {post_call_nop}
  0x0000021eddfefff4: 0f1f 8400 | ec06 000d 

  0x0000021eddfefffc: ;   {metadata('java/security/CodeSource')}
  0x0000021eddfefffc: 4c8b c848 | ba90 c91a | 801e 0200 | 0049 8b87 | c801 0000 | 488d 7828 | 493b bfd8 | 0100 000f 
  0x0000021eddff001c: 87ea 0100 | 0049 89bf | c801 0000 | 48c7 0001 | 0000 0048 | 8bca 49ba | 0000 0080 | 1e02 0000 
  0x0000021eddff003c: 492b ca89 | 4808 4833 | c989 480c | 4833 c948 | 8948 1048 | 8948 1848 | 8948 204c | 8b84 24a8 
  0x0000021eddff005c: 0000 0048 | 8bd0 4889 | 8424 d000 | 0000 0f1f 

  0x0000021eddff006c: ;   {optimized virtual_call}
  0x0000021eddff006c: 4400 00e8 

  0x0000021eddff0070: ; ImmutableOopMap {[144]=Oop [160]=Oop [200]=Oop [208]=Oop }
                      ;*invokespecial <init> {reexecute=0 rethrow=0 return_oop=0}
                      ; - jdk.internal.loader.BuiltinClassLoader::defineClass@102 (line 775)
  0x0000021eddff0070: ec77 0300 

  0x0000021eddff0074: ;   {post_call_nop}
  0x0000021eddff0074: 0f1f 8400 | 6c07 000e | 488b 8424 | c800 0000 

  0x0000021eddff0084: ; implicit exception: dispatches to 0x0000021eddff0218
  0x0000021eddff0084: 8b70 0c4c | 8b84 24d0 | 0000 0048 | 8b94 24a0 | 0000 0089 | b424 d800 

  0x0000021eddff009c: ;   {optimized virtual_call}
  0x0000021eddff009c: 0000 90e8 

  0x0000021eddff00a0: ; ImmutableOopMap {[144]=Oop [160]=Oop [200]=Oop }
                      ;*invokevirtual getProtectionDomain {reexecute=0 rethrow=0 return_oop=0}
                      ; - java.security.SecureClassLoader::defineClass@9 (line 132)
                      ; - jdk.internal.loader.BuiltinClassLoader::defineClass@117 (line 776)
  0x0000021eddff00a0: bc7c 0300 

  0x0000021eddff00a4: ;   {post_call_nop}
  0x0000021eddff00a4: 0f1f 8400 | 9c07 000f | 4c8b 8424 | 9000 0000 | 4c8b 8c24 | c800 0000 | bf00 0000 | 008b b424 
  0x0000021eddff00c4: d800 0000 | 488b c848 | 8b94 24a0 | 0000 000f 

  0x0000021eddff00d4: ;   {optimized virtual_call}
  0x0000021eddff00d4: 1f40 00e8 

  0x0000021eddff00d8: ; ImmutableOopMap {}
                      ;*invokevirtual defineClass {reexecute=0 rethrow=0 return_oop=0}
                      ; - java.security.SecureClassLoader::defineClass@12 (line 132)
                      ; - jdk.internal.loader.BuiltinClassLoader::defineClass@117 (line 776)
  0x0000021eddff00d8: a490 0300 

  0x0000021eddff00dc: ;   {post_call_nop}
  0x0000021eddff00dc: 0f1f 8400 | d407 0010 | 4881 c400 | 0100 005d 

  0x0000021eddff00ec: ;   {poll_return}
  0x0000021eddff00ec: 493b 6728 | 0f87 2701 | 0000 c349 | 8b87 0805 | 0000 4d33 | d24d 8997 | 0805 0000 | 4d33 d24d 
  0x0000021eddff010c: 8997 1005 | 0000 488b | f048 8d84 | 24e0 0000 | 0048 8b58 | 0841 8bbf | 5806 0000 | 493b 5c3f 
  0x0000021eddff012c: f80f 8500 | 0100 0041 | 83af 5806 | 0000 0849 | 3b5c 3ff0 | 0f84 2a00 | 0000 488b | 03a8 020f 
  0x0000021eddff014c: 8512 0000 | 0048 8bf8 | 4883 cf01 | f048 0fb1 | 3b0f 840d | 0000 0041 | 8387 5806 | 0000 08e9 
  0x0000021eddff016c: c300 0000 | 488b c6e9 | ee00 0000 

  0x0000021eddff0178: ;   {runtime_call C1 Runtime throw_null_pointer_exception_blob}
  0x0000021eddff0178: e863 86f0 

  0x0000021eddff017c: ; ImmutableOopMap {rax=Oop r8=Oop [144]=Oop [152]=Oop [160]=Oop [168]=Oop }
                      ;*invokevirtual lastIndexOf {reexecute=0 rethrow=0 return_oop=0}
                      ; - jdk.internal.loader.BuiltinClassLoader::defineClass@8 (line 759)
                      ;   {runtime_call C1 Runtime throw_null_pointer_exception_blob}
  0x0000021eddff017c: ffe8 5e86 

  0x0000021eddff0180: ; ImmutableOopMap {rax=Oop r8=Oop rsi=Oop [144]=Oop [152]=Oop [160]=Oop [168]=Oop }
                      ;*arraylength {reexecute=0 rethrow=0 return_oop=0}
                      ; - java.lang.String::length@4 (line 1580)
                      ; - java.lang.String::lastIndexOf@3 (line 2613)
                      ; - jdk.internal.loader.BuiltinClassLoader::defineClass@8 (line 759)
  0x0000021eddff0180: f0ff 4c89 | 4c24 0848 

  0x0000021eddff0188: ;   {runtime_call C1 Runtime monitorenter_nofpu_blob}
  0x0000021eddff0188: 8914 24e8 

  0x0000021eddff018c: ; ImmutableOopMap {r9=Oop [144]=Oop [152]=Oop [160]=Oop [168]=Oop [232]=Oop }
                      ;*synchronization entry
                      ; - jdk.internal.loader.Resource::cachedInputStream@-1 (line 75)
                      ; - jdk.internal.loader.Resource::getByteBuffer@1 (line 133)
                      ; - jdk.internal.loader.BuiltinClassLoader::defineClass@45 (line 767)
  0x0000021eddff018c: 50cb f0ff | e987 fbff | ff41 8b51 | 0c48 83fa | 000f 84b6 | fbff ff48 

  0x0000021eddff01a4: ;   {runtime_call g1_pre_barrier_slow}
  0x0000021eddff01a4: 8914 24e8 | b4f5 f0ff | e9a8 fbff | ff48 83f8 | 000f 84b9 | fbff ff4c 

  0x0000021eddff01bc: ;   {runtime_call g1_post_barrier_slow}
  0x0000021eddff01bc: 890c 24e8 | 9cf8 f0ff | e9ab fbff | ff48 8d84 | 24e0 0000 | 0048 8904 

  0x0000021eddff01d4: ;   {runtime_call C1 Runtime monitorexit_nofpu_blob}
  0x0000021eddff01d4: 24e8 06d1 | f0ff e9f4 | fbff ff48 

  0x0000021eddff01e0: ;   {runtime_call C1 Runtime throw_class_cast_exception_blob}
  0x0000021eddff01e0: 8914 24e8 

  0x0000021eddff01e4: ; ImmutableOopMap {[144]=Oop [152]=Oop [160]=Oop [168]=Oop }
                      ;*checkcast {reexecute=0 rethrow=0 return_oop=0}
                      ; - jdk.internal.loader.Resource::getByteBuffer@13 (line 135)
                      ; - jdk.internal.loader.BuiltinClassLoader::defineClass@45 (line 767)
  0x0000021eddff01e4: 78bb f0ff 

  0x0000021eddff01e8: ;   {runtime_call C1 Runtime fast_new_instance_blob}
  0x0000021eddff01e8: 488b d2e8 

  0x0000021eddff01ec: ; ImmutableOopMap {r9=Oop [144]=Oop [160]=Oop [168]=Oop [184]=Oop }
                      ;*new {reexecute=0 rethrow=0 return_oop=0}
                      ; - jdk.internal.loader.BuiltinClassLoader::defineClass@61 (line 770)
  0x0000021eddff01ec: f08e f0ff | e93a fdff 

  0x0000021eddff01f4: ;   {internal_word}
  0x0000021eddff01f4: ff49 baa4 | fffe dd1e | 0200 004d | 8997 6004 

  0x0000021eddff0204: ;   {runtime_call SafepointBlob}
  0x0000021eddff0204: 0000 e9d5 | 5ae6 ff48 

  0x0000021eddff020c: ;   {runtime_call C1 Runtime fast_new_instance_blob}
  0x0000021eddff020c: 8bd2 e8cd 

  0x0000021eddff0210: ; ImmutableOopMap {r9=Oop [144]=Oop [160]=Oop [168]=Oop [200]=Oop }
                      ;*new {reexecute=0 rethrow=0 return_oop=0}
                      ; - jdk.internal.loader.BuiltinClassLoader::defineClass@95 (line 775)
  0x0000021eddff0210: 8ef0 ffe9 | 3ffe ffff 

  0x0000021eddff0218: ;   {runtime_call C1 Runtime throw_null_pointer_exception_blob}
  0x0000021eddff0218: e8c3 85f0 

  0x0000021eddff021c: ; ImmutableOopMap {rax=Oop [144]=Oop [160]=Oop [200]=Oop [208]=Oop }
                      ;*arraylength {reexecute=0 rethrow=0 return_oop=0}
                      ; - jdk.internal.loader.BuiltinClassLoader::defineClass@114 (line 776)
                      ;   {internal_word}
  0x0000021eddff021c: ff49 baec | 00ff dd1e | 0200 004d | 8997 6004 

  0x0000021eddff022c: ;   {runtime_call SafepointBlob}
  0x0000021eddff022c: 0000 e9ad | 5ae6 ff48 | 8d84 24e0 | 0000 0048 

  0x0000021eddff023c: ;   {runtime_call C1 Runtime monitorexit_nofpu_blob}
  0x0000021eddff023c: 8904 24e8 | 9cd0 f0ff | e927 ffff | ff49 8b87 | 0805 0000 | 49c7 8708 | 0500 0000 | 0000 0049 
  0x0000021eddff025c: c787 1005 | 0000 0000 | 0000 4881 | c400 0100 

  0x0000021eddff026c: ;   {runtime_call C1 Runtime unwind_exception_blob}
  0x0000021eddff026c: 005d e96d | 76f0 fff4 | f4f4 f4f4 
[Stub Code]
  0x0000021eddff0278: ;   {no_reloc}
  0x0000021eddff0278: 0f1f 4400 

  0x0000021eddff027c: ;   {static_stub}
  0x0000021eddff027c: 0048 bb00 | 0000 0000 

  0x0000021eddff0284: ;   {runtime_call nmethod}
  0x0000021eddff0284: 0000 00e9 | fbff ffff 

  0x0000021eddff028c: ;   {static_stub}
  0x0000021eddff028c: 9048 bb00 | 0000 0000 

  0x0000021eddff0294: ;   {runtime_call nmethod}
  0x0000021eddff0294: 0000 00e9 | fbff ffff 

  0x0000021eddff029c: ;   {static_stub}
  0x0000021eddff029c: 9048 bb00 | 0000 0000 

  0x0000021eddff02a4: ;   {runtime_call nmethod}
  0x0000021eddff02a4: 0000 00e9 | fbff ffff 

  0x0000021eddff02ac: ;   {static_stub}
  0x0000021eddff02ac: 9048 bb00 | 0000 0000 

  0x0000021eddff02b4: ;   {runtime_call nmethod}
  0x0000021eddff02b4: 0000 00e9 | fbff ffff 

  0x0000021eddff02bc: ;   {static_stub}
  0x0000021eddff02bc: 9048 bb00 | 0000 0000 

  0x0000021eddff02c4: ;   {runtime_call nmethod}
  0x0000021eddff02c4: 0000 00e9 | fbff ffff 

  0x0000021eddff02cc: ;   {static_stub}
  0x0000021eddff02cc: 9048 bb00 | 0000 0000 

  0x0000021eddff02d4: ;   {runtime_call nmethod}
  0x0000021eddff02d4: 0000 00e9 | fbff ffff 

  0x0000021eddff02dc: ;   {static_stub}
  0x0000021eddff02dc: 9048 bb00 | 0000 0000 

  0x0000021eddff02e4: ;   {runtime_call nmethod}
  0x0000021eddff02e4: 0000 00e9 | fbff ffff 

  0x0000021eddff02ec: ;   {static_stub}
  0x0000021eddff02ec: 9048 bb00 | 0000 0000 

  0x0000021eddff02f4: ;   {runtime_call nmethod}
  0x0000021eddff02f4: 0000 00e9 | fbff ffff 

  0x0000021eddff02fc: ;   {static_stub}
  0x0000021eddff02fc: 48bb 0000 | 0000 0000 

  0x0000021eddff0304: ;   {runtime_call nmethod}
  0x0000021eddff0304: 0000 e9fb 

  0x0000021eddff0308: ;   {static_stub}
  0x0000021eddff0308: ffff ff48 | bb00 0000 | 0000 0000 

  0x0000021eddff0314: ;   {runtime_call nmethod}
  0x0000021eddff0314: 00e9 fbff 

  0x0000021eddff0318: ;   {static_stub}
  0x0000021eddff0318: ffff 48bb | 0000 0000 | 0000 0000 

  0x0000021eddff0324: ;   {runtime_call nmethod}
  0x0000021eddff0324: e9fb ffff 

  0x0000021eddff0328: ;   {static_stub}
  0x0000021eddff0328: ff48 bb60 | cf1a 801e 

  0x0000021eddff0330: ;   {runtime_call I2C/C2I adapters}
  0x0000021eddff0330: 0200 00e9 | 025d e6ff 

  0x0000021eddff0338: ;   {static_stub}
  0x0000021eddff0338: 48bb 68dd | 1a80 1e02 

  0x0000021eddff0340: ;   {runtime_call I2C/C2I adapters}
  0x0000021eddff0340: 0000 e9ef 

  0x0000021eddff0344: ;   {static_stub}
  0x0000021eddff0344: 47e6 ff48 | bb00 0000 | 0000 0000 

  0x0000021eddff0350: ;   {runtime_call nmethod}
  0x0000021eddff0350: 00e9 fbff 

  0x0000021eddff0354: ;   {static_stub}
  0x0000021eddff0354: ffff 48bb | 8833 4780 | 1e02 0000 

  0x0000021eddff0360: ;   {runtime_call I2C/C2I adapters}
  0x0000021eddff0360: e95f 60e5 

  0x0000021eddff0364: ;   {runtime_call C1 Runtime handle_exception_from_callee_blob}
  0x0000021eddff0364: ffe8 f6b3 

  0x0000021eddff0368: ;   {external_word}
  0x0000021eddff0368: f0ff 48b9 | e034 7b7a | fd7f 0000 | 4883 e4f0 

  0x0000021eddff0378: ;   {runtime_call}
  0x0000021eddff0378: 48b8 d08d | 387a fd7f | 0000 ffd0 

  0x0000021eddff0384: ;   {section_word}
  0x0000021eddff0384: f449 ba85 | 03ff dd1e | 0200 0041 

  0x0000021eddff0390: ;   {runtime_call DeoptimizationBlob}
  0x0000021eddff0390: 52e9 ea4e | e6ff f4f4 
[/MachCode]


---------------  P R O C E S S  ---------------

Threads class SMR info:
_java_thread_list=0x0000021ec65b5c70, length=15, elements={
0x0000021ed3009cc0, 0x0000021ee444b5d0, 0x0000021ee444c1d0, 0x0000021ee444d050,
0x0000021ee44507b0, 0x0000021ee4458f00, 0x0000021ee44683e0, 0x0000021ee4468b20,
0x0000021ee44d2e70, 0x0000021ee44d55c0, 0x0000021ec58d4170, 0x0000021ec58d48b0,
0x0000021ec574caf0, 0x0000021ec576fc50, 0x0000021ec59c2940
}

Java Threads: ( => current thread )
=>0x0000021ed3009cc0 JavaThread "main"                              [_thread_in_vm, id=13796, stack(0x0000009889b00000,0x0000009889c00000) (1024K)]
  0x0000021ee444b5d0 JavaThread "Reference Handler"          daemon [_thread_blocked, id=10592, stack(0x000000988a300000,0x000000988a400000) (1024K)]
  0x0000021ee444c1d0 JavaThread "Finalizer"                  daemon [_thread_blocked, id=13692, stack(0x000000988a400000,0x000000988a500000) (1024K)]
  0x0000021ee444d050 JavaThread "Signal Dispatcher"          daemon [_thread_blocked, id=14872, stack(0x000000988a500000,0x000000988a600000) (1024K)]
  0x0000021ee44507b0 JavaThread "Attach Listener"            daemon [_thread_blocked, id=16860, stack(0x000000988a600000,0x000000988a700000) (1024K)]
  0x0000021ee4458f00 JavaThread "Service Thread"             daemon [_thread_blocked, id=14116, stack(0x000000988a700000,0x000000988a800000) (1024K)]
  0x0000021ee44683e0 JavaThread "Monitor Deflation Thread"   daemon [_thread_blocked, id=15024, stack(0x000000988a800000,0x000000988a900000) (1024K)]
  0x0000021ee4468b20 JavaThread "C1 CompilerThread0"         daemon [_thread_blocked, id=9892, stack(0x000000988a900000,0x000000988aa00000) (1024K)]
  0x0000021ee44d2e70 JavaThread "Notification Thread"        daemon [_thread_blocked, id=10076, stack(0x000000988aa00000,0x000000988ab00000) (1024K)]
  0x0000021ee44d55c0 JavaThread "Common-Cleaner"             daemon [_thread_blocked, id=16248, stack(0x000000988ab00000,0x000000988ac00000) (1024K)]
  0x0000021ec58d4170 JavaThread "Catalina-utility-1"                [_thread_blocked, id=11500, stack(0x000000988af00000,0x000000988b000000) (1024K)]
  0x0000021ec58d48b0 JavaThread "Catalina-utility-2"                [_thread_blocked, id=11292, stack(0x000000988b000000,0x000000988b100000) (1024K)]
  0x0000021ec574caf0 JavaThread "container-0"                       [_thread_blocked, id=18296, stack(0x000000988b100000,0x000000988b200000) (1024K)]
  0x0000021ec576fc50 JavaThread "mysql-cj-abandoned-connection-cleanup" daemon [_thread_blocked, id=2072, stack(0x000000988b200000,0x000000988b300000) (1024K)]
  0x0000021ec59c2940 JavaThread "HikariPool-1:housekeeper"   daemon [_thread_blocked, id=14540, stack(0x000000988b400000,0x000000988b500000) (1024K)]
Total: 15

Other Threads:
  0x0000021ee443dda0 VMThread "VM Thread"                           [id=8372, stack(0x000000988a200000,0x000000988a300000) (1024K)]
  0x0000021ee44300d0 WatcherThread "VM Periodic Task Thread"        [id=1528, stack(0x000000988a100000,0x000000988a200000) (1024K)]
  0x0000021ed534db80 WorkerThread "GC Thread#0"                     [id=18328, stack(0x0000009889c00000,0x0000009889d00000) (1024K)]
  0x0000021ec5d950a0 WorkerThread "GC Thread#1"                     [id=16124, stack(0x000000988ac00000,0x000000988ad00000) (1024K)]
  0x0000021ec5da8f30 WorkerThread "GC Thread#2"                     [id=18088, stack(0x000000988ad00000,0x000000988ae00000) (1024K)]
  0x0000021ec5da92e0 WorkerThread "GC Thread#3"                     [id=1592, stack(0x000000988ae00000,0x000000988af00000) (1024K)]
  0x0000021ed5376a90 ConcurrentGCThread "G1 Main Marker"            [id=9952, stack(0x0000009889d00000,0x0000009889e00000) (1024K)]
  0x0000021ed5378d50 WorkerThread "G1 Conc#0"                       [id=5392, stack(0x0000009889e00000,0x0000009889f00000) (1024K)]
  0x0000021ed53be990 ConcurrentGCThread "G1 Refine#0"               [id=8340, stack(0x0000009889f00000,0x000000988a000000) (1024K)]
  0x0000021ee42fb250 ConcurrentGCThread "G1 Service"                [id=16556, stack(0x000000988a000000,0x000000988a100000) (1024K)]
Total: 10

Threads with active compile tasks:
Total: 0

VM state: not at safepoint (normal execution)

VM Mutex/Monitor currently owned by a thread:  ([mutex/lock_event])
[0x00007ffd7aa92fc8] Metaspace_lock - owner thread: 0x0000021ed3009cc0

Heap address: 0x00000000c1600000, size: 1002 MB, Compressed Oops mode: 32-bit

CDS archive(s) mapped at: [0x0000021e80000000-0x0000021e80d40000-0x0000021e80d40000), size 13893632, SharedBaseAddress: 0x0000021e80000000, ArchiveRelocationMode: 1.
Compressed class space mapped at: 0x0000021e81000000-0x0000021ec1000000, reserved size: 1073741824
UseCompressedClassPointers 1, UseCompactObjectHeaders 0
Narrow klass pointer bits 32, Max shift 3
Narrow klass base: 0x0000021e80000000, Narrow klass shift: 0
Encoding Range: [0x0000021e80000000 - 0x0000021f80000000), (4294967296 bytes)
Klass Range:    [0x0000021e80000000 - 0x0000021ec1000000), (1090519040 bytes)
Klass ID Range:  [8 - 1090519033) (1090519025)

GC Precious Log:
 CardTable entry size: 512
 Card Set container configuration: InlinePtr #cards 5 size 8 Array Of Cards #cards 10 size 36 Howl #buckets 4 coarsen threshold 1843 Howl Bitmap #cards 512 size 80 coarsen threshold 460 Card regions per heap region 1 cards per card region 2048
 CPUs: 4 total, 4 available
 Memory: 4007M
 Large Page Support: Disabled
 NUMA Support: Disabled
 Compressed Oops: Enabled (32-bit)
 Heap Region Size: 1M
 Heap Min Capacity: 8M
 Heap Initial Capacity: 64M
 Heap Max Capacity: 1002M
 Pre-touch: Disabled
 Parallel Workers: 4
 Concurrent Workers: 1
 Concurrent Refinement Workers: 4
 Periodic GC: Disabled

Heap:
 garbage-first heap   total reserved 1026048K, committed 61440K, used 51896K [0x00000000c1600000, 0x0000000100000000)
  region size 1024K, 21 young (21504K), 3 survivors (3072K)
 Metaspace       used 66739K, committed 67200K, reserved 1114112K
  class space    used 7995K, committed 8192K, reserved 1048576K

Heap Regions: E=young(eden), S=young(survivor), O=old, HS=humongous(starts), HC=humongous(continues), CS=collection set, F=free, TAMS=top-at-mark-start, PB=parsable bottom
|   0|0x00000000c1600000, 0x00000000c1700000, 0x00000000c1700000|100%|HS|  |TAMS 0x00000000c1600000| PB 0x00000000c1600000| Complete |  0
|   1|0x00000000c1700000, 0x00000000c1800000, 0x00000000c1800000|100%|HS|  |TAMS 0x00000000c1700000| PB 0x00000000c1700000| Complete |  0
|   2|0x00000000c1800000, 0x00000000c1900000, 0x00000000c1900000|100%| O|  |TAMS 0x00000000c1800000| PB 0x00000000c1800000| Untracked |  0
|   3|0x00000000c1900000, 0x00000000c1a00000, 0x00000000c1a00000|100%| O|  |TAMS 0x00000000c1900000| PB 0x00000000c1900000| Untracked |  0
|   4|0x00000000c1a00000, 0x00000000c1b00000, 0x00000000c1b00000|100%| O|  |TAMS 0x00000000c1a00000| PB 0x00000000c1a00000| Untracked |  0
|   5|0x00000000c1b00000, 0x00000000c1c00000, 0x00000000c1c00000|100%| O|  |TAMS 0x00000000c1b00000| PB 0x00000000c1b00000| Untracked |  0
|   6|0x00000000c1c00000, 0x00000000c1d00000, 0x00000000c1d00000|100%| O|  |TAMS 0x00000000c1c00000| PB 0x00000000c1c00000| Untracked |  0
|   7|0x00000000c1d00000, 0x00000000c1e00000, 0x00000000c1e00000|100%| O|  |TAMS 0x00000000c1d00000| PB 0x00000000c1d00000| Untracked |  0
|   8|0x00000000c1e00000, 0x00000000c1f00000, 0x00000000c1f00000|100%| O|  |TAMS 0x00000000c1e00000| PB 0x00000000c1e00000| Untracked |  0
|   9|0x00000000c1f00000, 0x00000000c2000000, 0x00000000c2000000|100%| O|  |TAMS 0x00000000c1f00000| PB 0x00000000c1f00000| Untracked |  0
|  10|0x00000000c2000000, 0x00000000c2100000, 0x00000000c2100000|100%| O|  |TAMS 0x00000000c2000000| PB 0x00000000c2000000| Untracked |  0
|  11|0x00000000c2100000, 0x00000000c2200000, 0x00000000c2200000|100%| O|  |TAMS 0x00000000c2100000| PB 0x00000000c2100000| Untracked |  0
|  12|0x00000000c2200000, 0x00000000c2300000, 0x00000000c2300000|100%| O|  |TAMS 0x00000000c2200000| PB 0x00000000c2200000| Untracked |  0
|  13|0x00000000c2300000, 0x00000000c2400000, 0x00000000c2400000|100%| O|  |TAMS 0x00000000c2300000| PB 0x00000000c2300000| Untracked |  0
|  14|0x00000000c2400000, 0x00000000c2500000, 0x00000000c2500000|100%| O|  |TAMS 0x00000000c2400000| PB 0x00000000c2400000| Untracked |  0
|  15|0x00000000c2500000, 0x00000000c2600000, 0x00000000c2600000|100%| O|  |TAMS 0x00000000c2500000| PB 0x00000000c2500000| Untracked |  0
|  16|0x00000000c2600000, 0x00000000c2700000, 0x00000000c2700000|100%| O|  |TAMS 0x00000000c2600000| PB 0x00000000c2600000| Untracked |  0
|  17|0x00000000c2700000, 0x00000000c2800000, 0x00000000c2800000|100%| O|  |TAMS 0x00000000c2700000| PB 0x00000000c2700000| Untracked |  0
|  18|0x00000000c2800000, 0x00000000c2900000, 0x00000000c2900000|100%| O|  |TAMS 0x00000000c2800000| PB 0x00000000c2800000| Untracked |  0
|  19|0x00000000c2900000, 0x00000000c2a00000, 0x00000000c2a00000|100%| O|  |TAMS 0x00000000c2900000| PB 0x00000000c2900000| Untracked |  0
|  20|0x00000000c2a00000, 0x00000000c2b00000, 0x00000000c2b00000|100%| O|  |TAMS 0x00000000c2a00000| PB 0x00000000c2a00000| Untracked |  0
|  21|0x00000000c2b00000, 0x00000000c2c00000, 0x00000000c2c00000|100%| O|  |TAMS 0x00000000c2b00000| PB 0x00000000c2b00000| Untracked |  0
|  22|0x00000000c2c00000, 0x00000000c2d00000, 0x00000000c2d00000|100%| O|  |TAMS 0x00000000c2c00000| PB 0x00000000c2c00000| Untracked |  0
|  23|0x00000000c2d00000, 0x00000000c2e00000, 0x00000000c2e00000|100%| O|  |TAMS 0x00000000c2d00000| PB 0x00000000c2d00000| Untracked |  0
|  24|0x00000000c2e00000, 0x00000000c2f00000, 0x00000000c2f00000|100%| O|  |TAMS 0x00000000c2e00000| PB 0x00000000c2e00000| Untracked |  0
|  25|0x00000000c2f00000, 0x00000000c3000000, 0x00000000c3000000|100%| O|  |TAMS 0x00000000c2f00000| PB 0x00000000c2f00000| Untracked |  0
|  26|0x00000000c3000000, 0x00000000c3100000, 0x00000000c3100000|100%| O|Cm|TAMS 0x00000000c3000000| PB 0x00000000c3000000| Complete |  0
|  27|0x00000000c3100000, 0x00000000c3200000, 0x00000000c3200000|100%| O|  |TAMS 0x00000000c3100000| PB 0x00000000c3100000| Untracked |  0
|  28|0x00000000c3200000, 0x00000000c3300000, 0x00000000c3300000|100%| O|  |TAMS 0x00000000c3200000| PB 0x00000000c3200000| Untracked |  0
|  29|0x00000000c3300000, 0x00000000c3400000, 0x00000000c3400000|100%| O|  |TAMS 0x00000000c3300000| PB 0x00000000c3300000| Untracked |  0
|  30|0x00000000c3400000, 0x00000000c346a068, 0x00000000c3500000| 41%| O|  |TAMS 0x00000000c3400000| PB 0x00000000c3400000| Untracked |  0
|  31|0x00000000c3500000, 0x00000000c3500000, 0x00000000c3600000|  0%| F|  |TAMS 0x00000000c3500000| PB 0x00000000c3500000| Untracked |  0
|  32|0x00000000c3600000, 0x00000000c3643fb0, 0x00000000c3700000| 26%| S|CS|TAMS 0x00000000c3600000| PB 0x00000000c3600000| Complete |  0
|  33|0x00000000c3700000, 0x00000000c3800000, 0x00000000c3800000|100%| S|CS|TAMS 0x00000000c3700000| PB 0x00000000c3700000| Complete |  0
|  34|0x00000000c3800000, 0x00000000c3900000, 0x00000000c3900000|100%| O|  |TAMS 0x00000000c3800000| PB 0x00000000c3800000| Untracked |  0
|  35|0x00000000c3900000, 0x00000000c3a00000, 0x00000000c3a00000|100%| S|CS|TAMS 0x00000000c3900000| PB 0x00000000c3900000| Complete |  0
|  36|0x00000000c3a00000, 0x00000000c3a00000, 0x00000000c3b00000|  0%| F|  |TAMS 0x00000000c3a00000| PB 0x00000000c3a00000| Untracked |  0
|  37|0x00000000c3b00000, 0x00000000c3b00000, 0x00000000c3c00000|  0%| F|  |TAMS 0x00000000c3b00000| PB 0x00000000c3b00000| Untracked |  0
|  38|0x00000000c3c00000, 0x00000000c3c00000, 0x00000000c3d00000|  0%| F|  |TAMS 0x00000000c3c00000| PB 0x00000000c3c00000| Untracked |  0
|  39|0x00000000c3d00000, 0x00000000c3d00000, 0x00000000c3e00000|  0%| F|  |TAMS 0x00000000c3d00000| PB 0x00000000c3d00000| Untracked |  0
|  40|0x00000000c3e00000, 0x00000000c3e00000, 0x00000000c3f00000|  0%| F|  |TAMS 0x00000000c3e00000| PB 0x00000000c3e00000| Untracked |  0
|  41|0x00000000c3f00000, 0x00000000c3f65d48, 0x00000000c4000000| 39%| E|  |TAMS 0x00000000c3f00000| PB 0x00000000c3f00000| Complete |  0
|  42|0x00000000c4000000, 0x00000000c4100000, 0x00000000c4100000|100%| E|CS|TAMS 0x00000000c4000000| PB 0x00000000c4000000| Complete |  0
|  43|0x00000000c4100000, 0x00000000c4200000, 0x00000000c4200000|100%| E|CS|TAMS 0x00000000c4100000| PB 0x00000000c4100000| Complete |  0
|  44|0x00000000c4200000, 0x00000000c4300000, 0x00000000c4300000|100%| E|  |TAMS 0x00000000c4200000| PB 0x00000000c4200000| Complete |  0
|  45|0x00000000c4300000, 0x00000000c4400000, 0x00000000c4400000|100%| E|CS|TAMS 0x00000000c4300000| PB 0x00000000c4300000| Complete |  0
|  46|0x00000000c4400000, 0x00000000c4500000, 0x00000000c4500000|100%| E|CS|TAMS 0x00000000c4400000| PB 0x00000000c4400000| Complete |  0
|  47|0x00000000c4500000, 0x00000000c4600000, 0x00000000c4600000|100%| E|CS|TAMS 0x00000000c4500000| PB 0x00000000c4500000| Complete |  0
|  48|0x00000000c4600000, 0x00000000c4700000, 0x00000000c4700000|100%| E|CS|TAMS 0x00000000c4600000| PB 0x00000000c4600000| Complete |  0
|  49|0x00000000c4700000, 0x00000000c4800000, 0x00000000c4800000|100%| E|CS|TAMS 0x00000000c4700000| PB 0x00000000c4700000| Complete |  0
|  50|0x00000000c4800000, 0x00000000c4900000, 0x00000000c4900000|100%| E|CS|TAMS 0x00000000c4800000| PB 0x00000000c4800000| Complete |  0
|  51|0x00000000c4900000, 0x00000000c4a00000, 0x00000000c4a00000|100%| E|CS|TAMS 0x00000000c4900000| PB 0x00000000c4900000| Complete |  0
|  52|0x00000000c4a00000, 0x00000000c4b00000, 0x00000000c4b00000|100%| E|CS|TAMS 0x00000000c4a00000| PB 0x00000000c4a00000| Complete |  0
|  53|0x00000000c4b00000, 0x00000000c4c00000, 0x00000000c4c00000|100%| E|CS|TAMS 0x00000000c4b00000| PB 0x00000000c4b00000| Complete |  0
|  54|0x00000000c4c00000, 0x00000000c4d00000, 0x00000000c4d00000|100%| E|CS|TAMS 0x00000000c4c00000| PB 0x00000000c4c00000| Complete |  0
|  55|0x00000000c4d00000, 0x00000000c4e00000, 0x00000000c4e00000|100%| E|CS|TAMS 0x00000000c4d00000| PB 0x00000000c4d00000| Complete |  0
|  56|0x00000000c4e00000, 0x00000000c4f00000, 0x00000000c4f00000|100%| E|CS|TAMS 0x00000000c4e00000| PB 0x00000000c4e00000| Complete |  0
|  63|0x00000000c5500000, 0x00000000c5600000, 0x00000000c5600000|100%| E|CS|TAMS 0x00000000c5500000| PB 0x00000000c5500000| Complete |  0
|1000|0x00000000ffe00000, 0x00000000fff00000, 0x00000000fff00000|100%| O|  |TAMS 0x00000000ffe00000| PB 0x00000000ffe00000| Untracked |  0
|1001|0x00000000fff00000, 0x0000000100000000, 0x0000000100000000|100%| E|CS|TAMS 0x00000000fff00000| PB 0x00000000fff00000| Complete |  0

Card table byte_map: [0x0000021ee0e00000,0x0000021ee1000000] _byte_map_base: 0x0000021ee07f5000

Marking Bits: (CMBitMap*) 0x0000021ed534e290
 Bits: [0x0000021ee1000000, 0x0000021ee1fa8000)

Polling page: 0x0000021ed32d0000

Metaspace:

Usage:
  Non-class:     57.37 MB used.
      Class:      7.81 MB used.
       Both:     65.18 MB used.

Virtual space:
  Non-class space:       64.00 MB reserved,      57.62 MB ( 90%) committed,  1 nodes.
      Class space:        1.00 GB reserved,       8.00 MB ( <1%) committed,  1 nodes.
             Both:        1.06 GB reserved,      65.62 MB (  6%) committed. 

Chunk freelists:
   Non-Class:  5.75 MB
       Class:  7.98 MB
        Both:  13.73 MB

MaxMetaspaceSize: unlimited
CompressedClassSpaceSize: 1.00 GB
Initial GC threshold: 21.00 MB
Current GC threshold: 107.19 MB
CDS: on
 - commit_granule_bytes: 65536.
 - commit_granule_words: 8192.
 - virtual_space_node_default_size: 8388608.
 - enlarge_chunks_in_place: 1.
UseCompressedClassPointers 1, UseCompactObjectHeaders 0
Narrow klass pointer bits 32, Max shift 3
Narrow klass base: 0x0000021e80000000, Narrow klass shift: 0
Encoding Range: [0x0000021e80000000 - 0x0000021f80000000), (4294967296 bytes)
Klass Range:    [0x0000021e80000000 - 0x0000021ec1000000), (1090519040 bytes)
Klass ID Range:  [8 - 1090519033) (1090519025)


Internal statistics:

num_allocs_failed_limit: 12.
num_arena_births: 640.
num_arena_deaths: 0.
num_vsnodes_births: 2.
num_vsnodes_deaths: 0.
num_space_committed: 1050.
num_space_uncommitted: 0.
num_chunks_returned_to_freelist: 12.
num_chunks_taken_from_freelist: 3008.
num_chunk_merges: 12.
num_chunk_splits: 2283.
num_chunks_enlarged: 1914.
num_inconsistent_stats: 0.

CodeCache: size=49152Kb used=8228Kb max_used=8230Kb free=40924Kb
 bounds [0x0000021edde00000, 0x0000021ede610000, 0x0000021ee0e00000]
 total_blobs=6481, nmethods=5784, adapters=623, full_count=0
Compilation: enabled, stopped_count=0, restarted_count=0

Compilation events (20 events):
Event: 22.819 Thread 0x0000021ee4468b20 5860       1       java.util.function.Function::andThen (13 bytes)
Event: 22.820 Thread 0x0000021ee4468b20 nmethod 5860 0x0000021eddf45288 code [0x0000021eddf453c0, 0x0000021eddf45640]
Event: 22.820 Thread 0x0000021ee4468b20 5861       1       java.util.function.Function$$Lambda/0x0000021e811fcab8::<init> (15 bytes)
Event: 22.820 Thread 0x0000021ee4468b20 nmethod 5861 0x0000021eddf44f88 code [0x0000021eddf450a0, 0x0000021eddf45200]
Event: 22.820 Thread 0x0000021ee4468b20 5862       1       java.util.function.Function$$Lambda/0x0000021e811fcab8::apply (15 bytes)
Event: 22.820 Thread 0x0000021ee4468b20 nmethod 5862 0x0000021eddf44c88 code [0x0000021eddf44dc0, 0x0000021eddf44f50]
Event: 22.820 Thread 0x0000021ee4468b20 5863       1       java.util.function.Function::lambda$andThen$0 (14 bytes)
Event: 22.820 Thread 0x0000021ee4468b20 nmethod 5863 0x0000021eddf44988 code [0x0000021eddf44aa0, 0x0000021eddf44bc8]
Event: 22.820 Thread 0x0000021ee4468b20 5864       1       java.util.stream.Collectors$$Lambda/0x800000046::apply (5 bytes)
Event: 22.820 Thread 0x0000021ee4468b20 nmethod 5864 0x0000021eddf44608 code [0x0000021eddf44700, 0x0000021eddf447c8]
Event: 22.820 Thread 0x0000021ee4468b20 5865       1       java.util.stream.Collectors::lambda$castingIdentity$0 (2 bytes)
Event: 22.820 Thread 0x0000021ee4468b20 nmethod 5865 0x0000021ede4d3508 code [0x0000021ede4d3600, 0x0000021ede4d36a8]
Event: 22.889 Thread 0x0000021ee4468b20 5866 %     1       java.lang.StringUTF16::getChars @ 16 (42 bytes)
Event: 22.890 Thread 0x0000021ee4468b20 nmethod 5866% 0x0000021ede4d3108 code [0x0000021ede4d3240, 0x0000021ede4d34a8]
Event: 22.892 Thread 0x0000021ee4468b20 5867 %     1       org.antlr.v4.runtime.atn.ATNDeserializer::decodeIntsEncodedAs16BitWords @ 10 (115 bytes)
Event: 22.893 Thread 0x0000021ee4468b20 nmethod 5867% 0x0000021ede4d2988 code [0x0000021ede4d2ae0, 0x0000021ede4d3088]
Event: 22.893 Thread 0x0000021ee4468b20 5868       1       org.antlr.v4.runtime.misc.Interval::of (54 bytes)
Event: 22.893 Thread 0x0000021ee4468b20 nmethod 5868 0x0000021ede4d2508 code [0x0000021ede4d2640, 0x0000021ede4d2948]
Event: 22.894 Thread 0x0000021ee4468b20 5869       1       org.antlr.v4.runtime.atn.SetTransition::<init> (20 bytes)
Event: 22.895 Thread 0x0000021ee4468b20 nmethod 5869 0x0000021ede4d1e88 code [0x0000021ede4d2000, 0x0000021ede4d2490]

GC Heap History (20 events):
Event: 6.093 GC heap before
{Heap before GC invocations=6 (full 0):
 garbage-first heap   total reserved 1026048K, committed 61440K, used 46192K [0x00000000c1600000, 0x0000000100000000)
  region size 1024K, 29 young (29696K), 4 survivors (4096K)
 Metaspace       used 28269K, committed 28672K, reserved 1114112K
  class space    used 3238K, committed 3392K, reserved 1048576K
}
Event: 6.116 GC heap after
{Heap after GC invocations=7 (full 0):
 garbage-first heap   total reserved 1026048K, committed 61440K, used 22886K [0x00000000c1600000, 0x0000000100000000)
  region size 1024K, 3 young (3072K), 3 survivors (3072K)
 Metaspace       used 28269K, committed 28672K, reserved 1114112K
  class space    used 3238K, committed 3392K, reserved 1048576K
}
Event: 7.576 GC heap before
{Heap before GC invocations=7 (full 0):
 garbage-first heap   total reserved 1026048K, committed 61440K, used 48486K [0x00000000c1600000, 0x0000000100000000)
  region size 1024K, 28 young (28672K), 3 survivors (3072K)
 Metaspace       used 31708K, committed 32064K, reserved 1114112K
  class space    used 3637K, committed 3776K, reserved 1048576K
}
Event: 7.588 GC heap after
{Heap after GC invocations=8 (full 0):
 garbage-first heap   total reserved 1026048K, committed 61440K, used 24751K [0x00000000c1600000, 0x0000000100000000)
  region size 1024K, 2 young (2048K), 2 survivors (2048K)
 Metaspace       used 31708K, committed 32064K, reserved 1114112K
  class space    used 3637K, committed 3776K, reserved 1048576K
}
Event: 9.020 GC heap before
{Heap before GC invocations=8 (full 0):
 garbage-first heap   total reserved 1026048K, committed 61440K, used 40111K [0x00000000c1600000, 0x0000000100000000)
  region size 1024K, 18 young (18432K), 2 survivors (2048K)
 Metaspace       used 35589K, committed 35968K, reserved 1114112K
  class space    used 4086K, committed 4224K, reserved 1048576K
}
Event: 9.029 GC heap after
{Heap after GC invocations=9 (full 0):
 garbage-first heap   total reserved 1026048K, committed 61440K, used 25679K [0x00000000c1600000, 0x0000000100000000)
  region size 1024K, 3 young (3072K), 3 survivors (3072K)
 Metaspace       used 35589K, committed 35968K, reserved 1114112K
  class space    used 4086K, committed 4224K, reserved 1048576K
}
Event: 11.877 GC heap before
{Heap before GC invocations=10 (full 0):
 garbage-first heap   total reserved 1026048K, committed 61440K, used 50255K [0x00000000c1600000, 0x0000000100000000)
  region size 1024K, 28 young (28672K), 3 survivors (3072K)
 Metaspace       used 42300K, committed 42752K, reserved 1114112K
  class space    used 4837K, committed 5056K, reserved 1048576K
}
Event: 11.887 GC heap after
{Heap after GC invocations=11 (full 0):
 garbage-first heap   total reserved 1026048K, committed 61440K, used 28014K [0x00000000c1600000, 0x0000000100000000)
  region size 1024K, 4 young (4096K), 4 survivors (4096K)
 Metaspace       used 42300K, committed 42752K, reserved 1114112K
  class space    used 4837K, committed 5056K, reserved 1048576K
}
Event: 14.423 GC heap before
{Heap before GC invocations=11 (full 0):
 garbage-first heap   total reserved 1026048K, committed 61440K, used 50542K [0x00000000c1600000, 0x0000000100000000)
  region size 1024K, 27 young (27648K), 4 survivors (4096K)
 Metaspace       used 48185K, committed 48576K, reserved 1114112K
  class space    used 5477K, committed 5632K, reserved 1048576K
}
Event: 14.438 GC heap after
{Heap after GC invocations=12 (full 0):
 garbage-first heap   total reserved 1026048K, committed 61440K, used 30134K [0x00000000c1600000, 0x0000000100000000)
  region size 1024K, 3 young (3072K), 3 survivors (3072K)
 Metaspace       used 48185K, committed 48576K, reserved 1114112K
  class space    used 5477K, committed 5632K, reserved 1048576K
}
Event: 17.974 GC heap before
{Heap before GC invocations=12 (full 0):
 garbage-first heap   total reserved 1026048K, committed 61440K, used 52662K [0x00000000c1600000, 0x0000000100000000)
  region size 1024K, 26 young (26624K), 3 survivors (3072K)
 Metaspace       used 55983K, committed 56512K, reserved 1114112K
  class space    used 6383K, committed 6592K, reserved 1048576K
}
Event: 17.982 GC heap after
{Heap after GC invocations=13 (full 0):
 garbage-first heap   total reserved 1026048K, committed 61440K, used 31144K [0x00000000c1600000, 0x0000000100000000)
  region size 1024K, 2 young (2048K), 2 survivors (2048K)
 Metaspace       used 55983K, committed 56512K, reserved 1114112K
  class space    used 6383K, committed 6592K, reserved 1048576K
}
Event: 19.922 GC heap before
{Heap before GC invocations=13 (full 0):
 garbage-first heap   total reserved 1026048K, committed 61440K, used 49576K [0x00000000c1600000, 0x0000000100000000)
  region size 1024K, 21 young (21504K), 2 survivors (2048K)
 Metaspace       used 59880K, committed 60416K, reserved 1114112K
  class space    used 6850K, committed 7104K, reserved 1048576K
}
Event: 19.927 GC heap after
{Heap after GC invocations=14 (full 0):
 garbage-first heap   total reserved 1026048K, committed 61440K, used 31824K [0x00000000c1600000, 0x0000000100000000)
  region size 1024K, 2 young (2048K), 2 survivors (2048K)
 Metaspace       used 59880K, committed 60416K, reserved 1114112K
  class space    used 6850K, committed 7104K, reserved 1048576K
}
Event: 21.557 GC heap before
{Heap before GC invocations=15 (full 0):
 garbage-first heap   total reserved 1026048K, committed 61440K, used 55376K [0x00000000c1600000, 0x0000000100000000)
  region size 1024K, 25 young (25600K), 2 survivors (2048K)
 Metaspace       used 62670K, committed 63232K, reserved 1114112K
  class space    used 7162K, committed 7424K, reserved 1048576K
}
Event: 21.568 GC heap after
{Heap after GC invocations=16 (full 0):
 garbage-first heap   total reserved 1026048K, committed 61440K, used 33463K [0x00000000c1600000, 0x0000000100000000)
  region size 1024K, 4 young (4096K), 4 survivors (4096K)
 Metaspace       used 62670K, committed 63232K, reserved 1114112K
  class space    used 7162K, committed 7424K, reserved 1048576K
}
Event: 22.232 GC heap before
{Heap before GC invocations=16 (full 0):
 garbage-first heap   total reserved 1026048K, committed 61440K, used 51895K [0x00000000c1600000, 0x0000000100000000)
  region size 1024K, 23 young (23552K), 4 survivors (4096K)
 Metaspace       used 65036K, committed 65536K, reserved 1114112K
  class space    used 7647K, committed 7872K, reserved 1048576K
}
Event: 22.245 GC heap after
{Heap after GC invocations=17 (full 0):
 garbage-first heap   total reserved 1026048K, committed 61440K, used 34368K [0x00000000c1600000, 0x0000000100000000)
  region size 1024K, 3 young (3072K), 3 survivors (3072K)
 Metaspace       used 65036K, committed 65536K, reserved 1114112K
  class space    used 7647K, committed 7872K, reserved 1048576K
}
Event: 22.586 GC heap before
{Heap before GC invocations=17 (full 0):
 garbage-first heap   total reserved 1026048K, committed 61440K, used 54848K [0x00000000c1600000, 0x0000000100000000)
  region size 1024K, 23 young (23552K), 3 survivors (3072K)
 Metaspace       used 65327K, committed 65856K, reserved 1114112K
  class space    used 7687K, committed 7936K, reserved 1048576K
}
Event: 22.596 GC heap after
{Heap after GC invocations=18 (full 0):
 garbage-first heap   total reserved 1026048K, committed 61440K, used 35512K [0x00000000c1600000, 0x0000000100000000)
  region size 1024K, 3 young (3072K), 3 survivors (3072K)
 Metaspace       used 65327K, committed 65856K, reserved 1114112K
  class space    used 7687K, committed 7936K, reserved 1048576K
}

Dll operation events (9 events):
Event: 0.014 Loaded shared library C:\Program Files\Apache NetBeans\jdk\bin\java.dll
Event: 0.189 Loaded shared library C:\Program Files\Apache NetBeans\jdk\bin\net.dll
Event: 0.192 Loaded shared library C:\Program Files\Apache NetBeans\jdk\bin\nio.dll
Event: 0.198 Loaded shared library C:\Program Files\Apache NetBeans\jdk\bin\zip.dll
Event: 0.412 Loaded shared library C:\Program Files\Apache NetBeans\jdk\bin\jimage.dll
Event: 2.467 Loaded shared library C:\Program Files\Apache NetBeans\jdk\bin\sunmscapi.dll
Event: 6.847 Loaded shared library C:\Program Files\Apache NetBeans\jdk\bin\management.dll
Event: 6.851 Loaded shared library C:\Program Files\Apache NetBeans\jdk\bin\management_ext.dll
Event: 11.809 Loaded shared library C:\Program Files\Apache NetBeans\jdk\bin\extnet.dll

Deoptimization events (6 events):
Event: 2.337 Thread 0x0000021ed3009cc0 DEOPT PACKING pc=0x0000021ede07d8ac sp=0x0000009889bfcc40
Event: 2.337 Thread 0x0000021ed3009cc0 DEOPT UNPACKING pc=0x0000021edde55722 sp=0x0000009889bfc138 mode 0
Event: 7.180 Thread 0x0000021ec58d48b0 DEOPT PACKING pc=0x0000021ede10c396 sp=0x000000988b0fed90
Event: 7.180 Thread 0x0000021ec58d48b0 DEOPT UNPACKING pc=0x0000021edde55722 sp=0x000000988b0fe228 mode 3
Event: 20.595 Thread 0x0000021ed3009cc0 DEOPT PACKING pc=0x0000021ede172024 sp=0x0000009889bfc5f0
Event: 20.595 Thread 0x0000021ed3009cc0 DEOPT UNPACKING pc=0x0000021edde55722 sp=0x0000009889bfbb20 mode 0

Classes loaded (20 events):
Event: 21.588 Loading class java/util/WeakHashMap$KeyIterator
Event: 21.588 Loading class java/util/WeakHashMap$KeyIterator done
Event: 21.801 Loading class java/lang/invoke/MethodHandleImpl$CountingWrapper$1
Event: 21.802 Loading class java/lang/invoke/MethodHandleImpl$CountingWrapper$1 done
Event: 21.823 Loading class sun/reflect/ReflectionFactory
Event: 21.823 Loading class sun/reflect/ReflectionFactory done
Event: 21.823 Loading class java/io/OptionalDataException
Event: 21.828 Loading class java/io/OptionalDataException done
Event: 21.890 Loading class java/util/regex/Pattern$SliceU
Event: 21.890 Loading class java/util/regex/Pattern$SliceU done
Event: 21.891 Loading class java/util/regex/Pattern$LookBehindEndNode
Event: 21.891 Loading class java/util/regex/Pattern$LookBehindEndNode done
Event: 21.892 Loading class java/util/regex/Pattern$NotBehind
Event: 21.892 Loading class java/util/regex/Pattern$NotBehind done
Event: 21.893 Loading class java/util/regex/Pattern$Behind
Event: 21.893 Loading class java/util/regex/Pattern$Behind done
Event: 21.930 Loading class java/util/EmptyStackException
Event: 21.930 Loading class java/util/EmptyStackException done
Event: 22.205 Loading class java/io/InvalidClassException
Event: 22.205 Loading class java/io/InvalidClassException done

Classes unloaded (0 events):
No events

Classes redefined (0 events):
No events

Internal exceptions (20 events):
Event: 18.368 Thread 0x0000021ed3009cc0 Exception <a 'java/lang/NoSuchMethodError'{0x00000000c4ad6298}: 'java.lang.Object java.lang.invoke.DirectMethodHandle$Holder.newInvokeSpecial(java.lang.Object, java.lang.Object, int, java.lang.Object)'> (0x00000000c4ad6298) 
thrown [s\src\hotspot\share\interpreter\linkResolver.cpp, line 805]
Event: 18.491 Thread 0x0000021ed3009cc0 Exception <a 'java/lang/NoSuchMethodError'{0x00000000c49a1bb8}: 'void java.lang.invoke.DirectMethodHandle$Holder.invokeSpecial(java.lang.Object, java.lang.Object, java.lang.Object, java.lang.Object, java.lang.Object, java.lang.Object, java.lang.Object, java.lang.Object)'> (0x00000000c49a1bb8) 
thrown [s\src\hotspot\share\interpreter\linkResolver.cpp, line 805]
Event: 18.542 Thread 0x0000021ed3009cc0 Exception <a 'java/lang/NoSuchMethodError'{0x00000000c49efdf8}: 'void java.lang.invoke.DirectMethodHandle$Holder.invokeSpecial(java.lang.Object, java.lang.Object, int, java.lang.Object)'> (0x00000000c49efdf8) 
thrown [s\src\hotspot\share\interpreter\linkResolver.cpp, line 805]
Event: 18.714 Thread 0x0000021ed3009cc0 Exception <a 'java/lang/NoSuchMethodError'{0x00000000c4755d30}: 'int java.lang.invoke.DirectMethodHandle$Holder.invokeStatic(java.lang.Object, int, java.lang.Object)'> (0x00000000c4755d30) 
thrown [s\src\hotspot\share\interpreter\linkResolver.cpp, line 805]
Event: 18.721 Thread 0x0000021ed3009cc0 Exception <a 'java/lang/NoSuchMethodError'{0x00000000c4772a98}: 'void java.lang.invoke.DirectMethodHandle$Holder.invokeSpecial(java.lang.Object, java.lang.Object, java.lang.Object, java.lang.Object, java.lang.Object, int, java.lang.Object, java.lang.Object)'> (0x00000000c4772a98) 
thrown [s\src\hotspot\share\interpreter\linkResolver.cpp, line 805]
Event: 18.749 Thread 0x0000021ed3009cc0 Exception <a 'java/lang/NoSuchMethodError'{0x00000000c47b9cc8}: 'java.lang.Object java.lang.invoke.Invokers$Holder.linkToTargetMethod(java.lang.Object, java.lang.Object, java.lang.Object, java.lang.Object, java.lang.Object, java.lang.Object, java.lang.Object, java.lang.Object, java.lang.Object, java.lang.Object, java.lang.Object, java.lang.Object)'> (0x00000000c47b9cc8) 
thrown [s\src\hotspot\share\interpreter\linkResolver.cpp, line 805]
Event: 19.022 Thread 0x0000021ed3009cc0 Exception <a 'java/lang/IncompatibleClassChangeError'{0x00000000c456ef40}: Found class java.lang.Object, but interface was expected> (0x00000000c456ef40) 
thrown [s\src\hotspot\share\interpreter\linkResolver.cpp, line 872]
Event: 19.098 Thread 0x0000021ed3009cc0 Exception <a 'java/lang/NoSuchMethodError'{0x00000000c45f6a00}: 'java.lang.Object java.lang.invoke.DirectMethodHandle$Holder.newInvokeSpecial(java.lang.Object, java.lang.Object, int, java.lang.Object, int, java.lang.Object, java.lang.Object)'> (0x00000000c45f6a00) 
thrown [s\src\hotspot\share\interpreter\linkResolver.cpp, line 805]
Event: 19.114 Thread 0x0000021ed3009cc0 Exception <a 'java/lang/NoSuchMethodError'{0x00000000c4450088}: 'java.lang.Object java.lang.invoke.DirectMethodHandle$Holder.newInvokeSpecial(java.lang.Object, java.lang.Object, java.lang.Object, java.lang.Object, java.lang.Object, java.lang.Object, java.lang.Object, int)'> (0x00000000c4450088) 
thrown [s\src\hotspot\share\interpreter\linkResolver.cpp, line 805]
Event: 19.114 Thread 0x0000021ed3009cc0 Exception <a 'java/lang/NoSuchMethodError'{0x00000000c4459750}: 'java.lang.Object java.lang.invoke.DirectMethodHandle$Holder.invokeSpecial(java.lang.Object, java.lang.Object, java.lang.Object, java.lang.Object, java.lang.Object, java.lang.Object, java.lang.Object, java.lang.Object, int)'> (0x00000000c4459750) 
thrown [s\src\hotspot\share\interpreter\linkResolver.cpp, line 805]
Event: 19.114 Thread 0x0000021ed3009cc0 Exception <a 'java/lang/NoSuchMethodError'{0x00000000c44622c0}: 'java.lang.Object java.lang.invoke.Invokers$Holder.linkToTargetMethod(java.lang.Object, java.lang.Object, java.lang.Object, java.lang.Object, java.lang.Object, java.lang.Object, int, java.lang.Object)'> (0x00000000c44622c0) 
thrown [s\src\hotspot\share\interpreter\linkResolver.cpp, line 805]
Event: 19.811 Thread 0x0000021ed3009cc0 Exception <a 'java/lang/NoSuchMethodError'{0x00000000c3e20690}: 'java.lang.Object java.lang.invoke.DirectMethodHandle$Holder.invokeSpecial(java.lang.Object, java.lang.Object, int, java.lang.Object, int)'> (0x00000000c3e20690) 
thrown [s\src\hotspot\share\interpreter\linkResolver.cpp, line 805]
Event: 19.812 Thread 0x0000021ed3009cc0 Exception <a 'java/lang/NoSuchMethodError'{0x00000000c3e29150}: 'java.lang.Object java.lang.invoke.DirectMethodHandle$Holder.invokeSpecial(java.lang.Object, java.lang.Object, java.lang.Object, int, java.lang.Object, int)'> (0x00000000c3e29150) 
thrown [s\src\hotspot\share\interpreter\linkResolver.cpp, line 805]
Event: 19.812 Thread 0x0000021ed3009cc0 Exception <a 'java/lang/NoSuchMethodError'{0x00000000c3e31638}: 'java.lang.Object java.lang.invoke.DelegatingMethodHandle$Holder.reinvoke_L(java.lang.Object, java.lang.Object, int, java.lang.Object, int)'> (0x00000000c3e31638) 
thrown [s\src\hotspot\share\interpreter\linkResolver.cpp, line 805]
Event: 20.169 Thread 0x0000021ed3009cc0 Exception <a 'java/lang/IncompatibleClassChangeError'{0x00000000c4a57278}: Found class java.lang.Object, but interface was expected> (0x00000000c4a57278) 
thrown [s\src\hotspot\share\interpreter\linkResolver.cpp, line 872]
Event: 20.294 Thread 0x0000021ed3009cc0 Exception <a 'java/lang/IncompatibleClassChangeError'{0x00000000c486ee50}: Found class java.lang.Object, but interface was expected> (0x00000000c486ee50) 
thrown [s\src\hotspot\share\interpreter\linkResolver.cpp, line 872]
Event: 21.249 Thread 0x0000021ed3009cc0 Exception <a 'java/lang/IncompatibleClassChangeError'{0x00000000c3a512b0}: Found class java.lang.Object, but interface was expected> (0x00000000c3a512b0) 
thrown [s\src\hotspot\share\interpreter\linkResolver.cpp, line 872]
Event: 21.748 Thread 0x0000021ed3009cc0 Exception <a 'java/lang/NoSuchMethodError'{0x00000000c48f3b20}: 'void java.lang.invoke.Invokers$Holder.invokeExact_MT(java.lang.Object, java.lang.Object, java.lang.Object, java.lang.Object)'> (0x00000000c48f3b20) 
thrown [s\src\hotspot\share\interpreter\linkResolver.cpp, line 805]
Event: 21.792 Thread 0x0000021ed3009cc0 Exception <a 'java/lang/NoSuchMethodError'{0x00000000c47d1478}: 'int java.lang.invoke.DirectMethodHandle$Holder.invokeStaticInit(java.lang.Object, int, java.lang.Object, java.lang.Object, java.lang.Object, java.lang.Object)'> (0x00000000c47d1478) 
thrown [s\src\hotspot\share\interpreter\linkResolver.cpp, line 805]
Event: 21.895 Thread 0x0000021ed3009cc0 Exception <a 'java/lang/IncompatibleClassChangeError'{0x00000000c4480608}: Found class java.lang.Object, but interface was expected> (0x00000000c4480608) 
thrown [s\src\hotspot\share\interpreter\linkResolver.cpp, line 872]

VM Operations (20 events):
Event: 20.595 Executing VM operation: HandshakeAllThreads (Deoptimize)
Event: 20.595 Executing VM operation: HandshakeAllThreads (Deoptimize) done
Event: 21.008 Executing VM operation: HandshakeAllThreads (Deoptimize)
Event: 21.008 Executing VM operation: HandshakeAllThreads (Deoptimize) done
Event: 21.009 Executing VM operation: HandshakeAllThreads (Deoptimize)
Event: 21.009 Executing VM operation: HandshakeAllThreads (Deoptimize) done
Event: 21.557 Executing VM operation: G1CollectForAllocation (G1 Evacuation Pause)
Event: 21.568 Executing VM operation: G1CollectForAllocation (G1 Evacuation Pause) done
Event: 22.229 Executing VM operation: HandshakeAllThreads (Deoptimize)
Event: 22.229 Executing VM operation: HandshakeAllThreads (Deoptimize) done
Event: 22.232 Executing VM operation: G1CollectForAllocation (G1 Evacuation Pause)
Event: 22.245 Executing VM operation: G1CollectForAllocation (G1 Evacuation Pause) done
Event: 22.586 Executing VM operation: G1CollectForAllocation (G1 Evacuation Pause)
Event: 22.596 Executing VM operation: G1CollectForAllocation (G1 Evacuation Pause) done
Event: 22.676 Executing VM operation: HandshakeAllThreads (Deoptimize)
Event: 22.676 Executing VM operation: HandshakeAllThreads (Deoptimize) done
Event: 22.725 Executing VM operation: G1PauseRemark
Event: 22.729 Executing VM operation: G1PauseRemark done
Event: 22.775 Executing VM operation: G1PauseCleanup
Event: 22.775 Executing VM operation: G1PauseCleanup done

Memory protections (0 events):
No events

Nmethod flushes (20 events):
Event: 20.028 Thread 0x0000021ee443dda0 flushing  nmethod 0x0000021ede2bc388
Event: 20.028 Thread 0x0000021ee443dda0 flushing  nmethod 0x0000021ede2d4208
Event: 20.028 Thread 0x0000021ee443dda0 flushing  nmethod 0x0000021ede2f3788
Event: 20.028 Thread 0x0000021ee443dda0 flushing  nmethod 0x0000021ede346808
Event: 20.028 Thread 0x0000021ee443dda0 flushing  nmethod 0x0000021eddf5c888
Event: 20.028 Thread 0x0000021ee443dda0 flushing  nmethod 0x0000021eddff8588
Event: 20.028 Thread 0x0000021ee443dda0 flushing  nmethod 0x0000021eddfff008
Event: 20.028 Thread 0x0000021ee443dda0 flushing  nmethod 0x0000021ede1b6888
Event: 20.028 Thread 0x0000021ee443dda0 flushing  nmethod 0x0000021ede355c88
Event: 20.028 Thread 0x0000021ee443dda0 flushing  nmethod 0x0000021ede358d08
Event: 22.729 Thread 0x0000021ee443dda0 flushing  nmethod 0x0000021eddf44608
Event: 22.729 Thread 0x0000021ee443dda0 flushing  nmethod 0x0000021ede3e4788
Event: 22.729 Thread 0x0000021ee443dda0 flushing  nmethod 0x0000021ede3e4a88
Event: 22.729 Thread 0x0000021ee443dda0 flushing  nmethod 0x0000021ede4d8208
Event: 22.729 Thread 0x0000021ee443dda0 flushing  nmethod 0x0000021ede461288
Event: 22.729 Thread 0x0000021ee443dda0 flushing  nmethod 0x0000021ede4a5208
Event: 22.729 Thread 0x0000021ee443dda0 flushing  nmethod 0x0000021ede466a88
Event: 22.729 Thread 0x0000021ee443dda0 flushing  nmethod 0x0000021ede467808
Event: 22.729 Thread 0x0000021ee443dda0 flushing  nmethod 0x0000021ede032088
Event: 22.729 Thread 0x0000021ee443dda0 flushing  nmethod 0x0000021ede4d1308

Events (20 events):
Event: 0.055 Thread 0x0000021ed3009cc0 Thread added: 0x0000021ee444b5d0
Event: 0.055 Thread 0x0000021ed3009cc0 Thread added: 0x0000021ee444c1d0
Event: 0.055 Thread 0x0000021ed3009cc0 Thread added: 0x0000021ee444d050
Event: 0.056 Thread 0x0000021ed3009cc0 Thread added: 0x0000021ee44507b0
Event: 0.056 Thread 0x0000021ed3009cc0 Thread added: 0x0000021ee4458f00
Event: 0.056 Thread 0x0000021ed3009cc0 Thread added: 0x0000021ee44683e0
Event: 0.056 Thread 0x0000021ed3009cc0 Thread added: 0x0000021ee4468b20
Event: 0.170 Thread 0x0000021ed3009cc0 Thread added: 0x0000021ee44d2e70
Event: 0.173 Thread 0x0000021ed3009cc0 Thread added: 0x0000021ee44d55c0
Event: 1.710 Thread 0x0000021ed3009cc0 Thread added: 0x0000021ec5e1dfd0
Event: 2.730 Thread 0x0000021ed3009cc0 Thread added: 0x0000021ec6222db0
Event: 2.777 Thread 0x0000021ec6222db0 Thread exited: 0x0000021ec6222db0
Event: 3.647 Thread 0x0000021ec5e1dfd0 Thread exited: 0x0000021ec5e1dfd0
Event: 7.169 Thread 0x0000021ed3009cc0 Thread added: 0x0000021ec58d4170
Event: 7.174 Thread 0x0000021ed3009cc0 Thread added: 0x0000021ec58d48b0
Event: 7.183 Thread 0x0000021ed3009cc0 Thread added: 0x0000021ec574caf0
Event: 7.415 Thread 0x0000021ed3009cc0 Thread added: 0x0000021ec576fc50
Event: 12.155 Thread 0x0000021ed3009cc0 Thread added: 0x0000021ec59c2940
Event: 12.262 Thread 0x0000021ec59c2940 Thread added: 0x0000021ec5a13830
Event: 18.343 Thread 0x0000021ec5a13830 Thread exited: 0x0000021ec5a13830


Dynamic libraries:
0x00007ff66e5d0000 - 0x00007ff66e5de000 	C:\Program Files\Apache NetBeans\jdk\bin\java.exe
0x00007ffde1d70000 - 0x00007ffde1f68000 	C:\WINDOWS\SYSTEM32\ntdll.dll
0x00007ffdc2b90000 - 0x00007ffdc2bb0000 	C:\Program Files\Avast Software\Avast\aswhook.dll
0x00007ffde1150000 - 0x00007ffde1212000 	C:\WINDOWS\System32\KERNEL32.DLL
0x00007ffddf480000 - 0x00007ffddf776000 	C:\WINDOWS\System32\KERNELBASE.dll
0x00007ffddfb10000 - 0x00007ffddfc10000 	C:\WINDOWS\System32\ucrtbase.dll
0x00007ffd90cf0000 - 0x00007ffd90d06000 	C:\Program Files\Apache NetBeans\jdk\bin\jli.dll
0x00007ffdb4e30000 - 0x00007ffdb4e4e000 	C:\Program Files\Apache NetBeans\jdk\bin\VCRUNTIME140.dll
0x00007ffde0c30000 - 0x00007ffde0dd1000 	C:\WINDOWS\System32\USER32.dll
0x00007ffddfd60000 - 0x00007ffddfd82000 	C:\WINDOWS\System32\win32u.dll
0x00007ffdb8980000 - 0x00007ffdb8c1b000 	C:\WINDOWS\WinSxS\amd64_microsoft.windows.common-controls_6595b64144ccf1df_6.0.19041.6456_none_60b8a6cb71f64256\COMCTL32.dll
0x00007ffde1540000 - 0x00007ffde156b000 	C:\WINDOWS\System32\GDI32.dll
0x00007ffddfed0000 - 0x00007ffddff6e000 	C:\WINDOWS\System32\msvcrt.dll
0x00007ffddf910000 - 0x00007ffddfa29000 	C:\WINDOWS\System32\gdi32full.dll
0x00007ffddfcc0000 - 0x00007ffddfd5d000 	C:\WINDOWS\System32\msvcp_win.dll
0x00007ffde1d00000 - 0x00007ffde1d2f000 	C:\WINDOWS\System32\IMM32.DLL
0x00007ffdb4e20000 - 0x00007ffdb4e2c000 	C:\Program Files\Apache NetBeans\jdk\bin\vcruntime140_1.dll
0x00007ffdc2cd0000 - 0x00007ffdc2d5d000 	C:\Program Files\Apache NetBeans\jdk\bin\msvcp140.dll
0x00007ffd79d00000 - 0x00007ffd7ab7c000 	C:\Program Files\Apache NetBeans\jdk\bin\server\jvm.dll
0x00007ffde18d0000 - 0x00007ffde1981000 	C:\WINDOWS\System32\ADVAPI32.dll
0x00007ffde1990000 - 0x00007ffde1a2f000 	C:\WINDOWS\System32\sechost.dll
0x00007ffde1b10000 - 0x00007ffde1c30000 	C:\WINDOWS\System32\RPCRT4.dll
0x00007ffddf780000 - 0x00007ffddf7a7000 	C:\WINDOWS\System32\bcrypt.dll
0x00007ffde1c30000 - 0x00007ffde1c9b000 	C:\WINDOWS\System32\WS2_32.dll
0x00007ffddf310000 - 0x00007ffddf35b000 	C:\WINDOWS\SYSTEM32\POWRPROF.dll
0x00007ffdd9570000 - 0x00007ffdd957a000 	C:\WINDOWS\SYSTEM32\VERSION.dll
0x00007ffdc6e20000 - 0x00007ffdc6e47000 	C:\WINDOWS\SYSTEM32\WINMM.dll
0x00007ffddf2c0000 - 0x00007ffddf2d2000 	C:\WINDOWS\SYSTEM32\UMPDC.dll
0x00007ffdddc60000 - 0x00007ffdddc72000 	C:\WINDOWS\SYSTEM32\kernel.appcore.dll
0x00007ffdaaa70000 - 0x00007ffdaaa7a000 	C:\Program Files\Apache NetBeans\jdk\bin\jimage.dll
0x00007ffddd150000 - 0x00007ffddd351000 	C:\WINDOWS\SYSTEM32\DBGHELP.DLL
0x00007ffdd7b50000 - 0x00007ffdd7b84000 	C:\WINDOWS\SYSTEM32\dbgcore.DLL
0x00007ffddfa80000 - 0x00007ffddfb02000 	C:\WINDOWS\System32\bcryptPrimitives.dll
0x00007ffd90d10000 - 0x00007ffd90d2e000 	C:\Program Files\Apache NetBeans\jdk\bin\java.dll
0x00007ffddfd90000 - 0x00007ffddfebb000 	C:\WINDOWS\System32\ole32.dll
0x00007ffde0df0000 - 0x00007ffde1144000 	C:\WINDOWS\System32\combase.dll
0x00007ffde04c0000 - 0x00007ffde0c30000 	C:\WINDOWS\System32\SHELL32.dll
0x00007ffddd450000 - 0x00007ffdddbf5000 	C:\WINDOWS\SYSTEM32\windows.storage.dll
0x00007ffdded50000 - 0x00007ffdded7b000 	C:\WINDOWS\SYSTEM32\Wldp.dll
0x00007ffde13c0000 - 0x00007ffde148d000 	C:\WINDOWS\System32\OLEAUT32.dll
0x00007ffde1490000 - 0x00007ffde153d000 	C:\WINDOWS\System32\SHCORE.dll
0x00007ffde1220000 - 0x00007ffde127b000 	C:\WINDOWS\System32\shlwapi.dll
0x00007ffddf2e0000 - 0x00007ffddf304000 	C:\WINDOWS\SYSTEM32\profapi.dll
0x00007ffda9d70000 - 0x00007ffda9d80000 	C:\Program Files\Apache NetBeans\jdk\bin\net.dll
0x00007ffddeab0000 - 0x00007ffddeb1a000 	C:\WINDOWS\system32\mswsock.dll
0x00007ffd90bd0000 - 0x00007ffd90be6000 	C:\Program Files\Apache NetBeans\jdk\bin\nio.dll
0x00007ffd90bf0000 - 0x00007ffd90c07000 	C:\Program Files\Apache NetBeans\jdk\bin\zip.dll
0x00007ffd9b2b0000 - 0x00007ffd9b2be000 	C:\Program Files\Apache NetBeans\jdk\bin\sunmscapi.dll
0x00007ffddf7b0000 - 0x00007ffddf90d000 	C:\WINDOWS\System32\CRYPT32.dll
0x00007ffddedc0000 - 0x00007ffddede7000 	C:\WINDOWS\SYSTEM32\ncrypt.dll
0x00007ffdded80000 - 0x00007ffddedbb000 	C:\WINDOWS\SYSTEM32\NTASN1.dll
0x00007ffddecb0000 - 0x00007ffddecc8000 	C:\WINDOWS\SYSTEM32\CRYPTSP.dll
0x00007ffdde3d0000 - 0x00007ffdde408000 	C:\WINDOWS\system32\rsaenh.dll
0x00007ffddf280000 - 0x00007ffddf2ae000 	C:\WINDOWS\SYSTEM32\USERENV.dll
0x00007ffddeca0000 - 0x00007ffddecac000 	C:\WINDOWS\SYSTEM32\CRYPTBASE.dll
0x00007ffdde790000 - 0x00007ffdde7cb000 	C:\WINDOWS\SYSTEM32\IPHLPAPI.DLL
0x00007ffddfec0000 - 0x00007ffddfec8000 	C:\WINDOWS\System32\NSI.dll
0x00007ffda3b10000 - 0x00007ffda3b1a000 	C:\Program Files\Apache NetBeans\jdk\bin\management.dll
0x00007ffda3b00000 - 0x00007ffda3b0b000 	C:\Program Files\Apache NetBeans\jdk\bin\management_ext.dll
0x00007ffde1570000 - 0x00007ffde1578000 	C:\WINDOWS\System32\PSAPI.DLL
0x00007ffdde7d0000 - 0x00007ffdde89a000 	C:\WINDOWS\SYSTEM32\DNSAPI.dll
0x00007ffdd6290000 - 0x00007ffdd629a000 	C:\Windows\System32\rasadhlp.dll
0x00007ffdcfb50000 - 0x00007ffdcfbd0000 	C:\WINDOWS\System32\fwpuclnt.dll
0x00007ffdda1f0000 - 0x00007ffdda1f9000 	C:\Program Files\Apache NetBeans\jdk\bin\extnet.dll

JVMTI agents: none

dbghelp: loaded successfully - version: 4.0.5 - missing functions: none
symbol engine: initialized successfully - sym options: 0x614 - pdb path: .;C:\Program Files\Apache NetBeans\jdk\bin;C:\WINDOWS\SYSTEM32;C:\Program Files\Avast Software\Avast;C:\WINDOWS\WinSxS\amd64_microsoft.windows.common-controls_6595b64144ccf1df_6.0.19041.6456_none_60b8a6cb71f64256;C:\Program Files\Apache NetBeans\jdk\bin\server

VM Arguments:
jvm_args: -XX:TieredStopAtLevel=1 
java_command: institution_gestion_notes.InstitutionGestionNotesApplication
java_class_path (initial): C:\Users\agent\Documents\NetBeansProjects\institution_gestion_notes\target\classes;C:\Users\agent\.m2\repository\org\springframework\boot\spring-boot-jackson\4.0.0\spring-boot-jackson-4.0.0.jar;C:\Users\agent\.m2\repository\tools\jackson\core\jackson-databind\3.0.2\jackson-databind-3.0.2.jar;C:\Users\agent\.m2\repository\com\fasterxml\jackson\core\jackson-annotations\2.20\jackson-annotations-2.20.jar;C:\Users\agent\.m2\repository\tools\jackson\core\jackson-core\3.0.2\jackson-core-3.0.2.jar;C:\Users\agent\.m2\repository\org\springframework\boot\spring-boot-web-server\4.0.0\spring-boot-web-server-4.0.0.jar;C:\Users\agent\.m2\repository\org\apache\tomcat\embed\tomcat-embed-core\11.0.14\tomcat-embed-core-11.0.14.jar;C:\Users\agent\.m2\repository\org\apache\tomcat\embed\tomcat-embed-websocket\11.0.14\tomcat-embed-websocket-11.0.14.jar;C:\Users\agent\.m2\repository\org\springframework\boot\spring-boot-tomcat\4.0.0\spring-boot-tomcat-4.0.0.jar;C:\Users\agent\.m2\repository\org\springframework\boot\spring-boot-http-converter\4.0.0\spring-boot-http-converter-4.0.0.jar;C:\Users\agent\.m2\repository\org\springframework\boot\spring-boot\4.0.0\spring-boot-4.0.0.jar;C:\Users\agent\.m2\repository\org\springframework\spring-context\7.0.1\spring-context-7.0.1.jar;C:\Users\agent\.m2\repository\org\springframework\spring-web\7.0.1\spring-web-7.0.1.jar;C:\Users\agent\.m2\repository\io\micrometer\micrometer-observation\1.16.0\micrometer-observation-1.16.0.jar;C:\Users\agent\.m2\repository\io\micrometer\micrometer-commons\1.16.0\micrometer-commons-1.16.0.jar;C:\Users\agent\.m2\repository\org\springframework\boot\spring-boot-webmvc\4.0.0\spring-boot-webmvc-4.0.0.jar;C:\Users\agent\.m2\repository\org\springframework\boot\spring-boot-servlet\4.0.0\spring-boot-servlet-4.0.0.jar;C:\Users\agent\.m2\repository\org\springframework\spring-webmvc\7.0.1\spring-webmvc-7.0.1.jar;C:\Users\agent\.m2\repository\org\springframework\spring-expression\7.0.1\spring-expression-7.0.1.jar;C:\Users\agent\.m2\repository\ch\qos\logback\logback-classic\1.5.21\logback-classic-1.5.21.jar;C:\Users\agent\.m2\repository\ch\qos\logback\logback-core\1.5.21\logback-core-1.5.21.jar;C:\Users\agent\.m2\repository\org\apache\logging\log4j\log4j-to-slf4j\2.25.2\log4j-to-slf4j-2.25.2.jar;C:\Users\agent\.m2\repository\org\apache\logging\log4j\log4j-api\2.25.2\log4j-api-2.25.2.jar;C:\Users\agent\.m2\repository\org\slf4j\jul-to-slf4j\2.0.17\jul-to-slf4j-2.0.17.jar;C:\Users\agent\.m2\repository\org\springframework\boot\spring-boot-autoconfigure\4.0.0\spring-boot-autoconfigure-4.0.0.jar;C:\Users\agent\.m2\repository\jakarta\annotation\jakarta.annotation-api\3.0.0\jakarta.annotation-api-3.0.0.jar;C:\Users\agent\.m2\repository\org\yaml\snakeyaml\2.5\snakeyaml-2.5.jar;C:\Users\agent\.m2\repository\com\zaxxer\HikariCP\7.0.2\HikariCP-7.0.2.jar;C:\Users\agent\.m2\repository\org\springframework\boot\spring-boot-data-jpa\4.0.0\spring-boot-data-jpa-4.0.0.jar;C:\Users\agent\.m2\repository\org\springframework\boot\spring-boot-data-commons\4.0.0\spring-boot-data-commons-4.0.0.jar;C:\Users\agent\.m2\repository\org\springframework\boot\spring-boot-persistence\4.0.0\spring-boot-persistence-4.0.0.jar;C:\Users\agent\.m2\repository\org\springframework\data\spring-data-commons\4.0.0\spring-data-commons-4.0.0.jar;C:\Users\agent\.m2\repository\org\springframework\boot\spring-boot-hibernate\4.0.0\spring-boot-hibernate-4.0.0.jar;C:\Users\agent\.m2\repository\org\springframework\boot\spring-boot-jpa\4.0.0\spring-boot-jpa-4.0.0.jar;C:\Users\agent\.m2\repository\jakarta\persistence\jakarta.persistence-api\3.2.0\jakarta.persistence-api-3.2.0.jar;C:\Users\agent\.m2\repository\org\hibernate\orm\hibernate-core\7.1.8.Final\hibernate-core-7.1.8.Final.jar;C:\Users\agent\.m2\repository\jakarta\transaction\jakarta.transaction-api\2.0.1\jakarta.transaction-api-2.0.1.jar;C:\Users\agent\.m2\repository\org\hibernate\models\hibernate-models\1.0.1\hibernate-models-1.0.1.jar;C:\Users\agent\.m2\repository\org\glassfish\jaxb\jaxb-runtime\4.0.6\jaxb-runtime-4.0.6.jar;C:\Users\agent\.m2\repository\org\glassfish\jaxb\jaxb-core\4.0.6\jaxb-core-4.0.6.jar;C:\Users\agent\.m2\repository\org\eclipse\angus\angus-activation\2.0.3\angus-activation-2.0.3.jar;C:\Users\agent\.m2\repository\org\glassfish\jaxb\txw2\4.0.6\txw2-4.0.6.jar;C:\Users\agent\.m2\repository\com\sun\istack\istack-commons-runtime\4.1.2\istack-commons-runtime-4.1.2.jar;C:\Users\agent\.m2\repository\jakarta\inject\jakarta.inject-api\2.0.1\jakarta.inject-api-2.0.1.jar;C:\Users\agent\.m2\repository\org\springframework\spring-orm\7.0.1\spring-orm-7.0.1.jar;C:\Users\agent\.m2\repository\org\springframework\data\spring-data-jpa\4.0.0\spring-data-jpa-4.0.0.jar;C:\Users\agent\.m2\repository\org\springframework\spring-tx\7.0.1\spring-tx-7.0.1.jar;C:\Users\agent\.m2\repository\org\antlr\antlr4-runtime\4.13.2\antlr4-runtime-4.13.2.jar;C:\Users\agent\.m2\repository\org\springframework\spring-aspects\7.0.1\spring-aspects-7.0.1.jar;C:\Users\agent\.m2\repository\org\aspectj\aspectjweaver\1.9.25\aspectjweaver-1.9.25.jar;C:\Users\agent\.m2\repository\org\springframework\boot\spring-boot-jdbc\4.0.0\spring-boot-jdbc-4.0.0.jar;C:\Users\agent\.m2\repository\org\springframework\boot\spring-boot-sql\4.0.0\spring-boot-sql-4.0.0.jar;C:\Users\agent\.m2\repository\org\springframework\boot\spring-boot-transaction\4.0.0\spring-boot-transaction-4.0.0.jar;C:\Users\agent\.m2\repository\org\springframework\spring-jdbc\7.0.1\spring-jdbc-7.0.1.jar;C:\Users\agent\.m2\repository\org\springframework\boot\spring-boot-security\4.0.0\spring-boot-security-4.0.0.jar;C:\Users\agent\.m2\repository\org\springframework\security\spring-security-config\7.0.0\spring-security-config-7.0.0.jar;C:\Users\agent\.m2\repository\org\springframework\security\spring-security-core\7.0.0\spring-security-core-7.0.0.jar;C:\Users\agent\.m2\repository\org\springframework\security\spring-security-crypto\7.0.0\spring-security-crypto-7.0.0.jar;C:\Users\agent\.m2\repository\org\springframework\security\spring-security-web\7.0.0\spring-security-web-7.0.0.jar;C:\Users\agent\.m2\repository\org\springframework\spring-aop\7.0.1\spring-aop-7.0.1.jar;C:\Users\agent\.m2\repository\org\springframework\spring-beans\7.0.1\spring-beans-7.0.1.jar;C:\Users\agent\.m2\repository\org\springframework\boot\spring-boot-validation\4.0.0\spring-boot-validation-4.0.0.jar;C:\Users\agent\.m2\repository\org\apache\tomcat\embed\tomcat-embed-el\11.0.14\tomcat-embed-el-11.0.14.jar;C:\Users\agent\.m2\repository\org\hibernate\validator\hibernate-validator\9.0.1.Final\hibernate-validator-9.0.1.Final.jar;C:\Users\agent\.m2\repository\jakarta\validation\jakarta.validation-api\3.1.1\jakarta.validation-api-3.1.1.jar;C:\Users\agent\.m2\repository\org\jboss\logging\jboss-logging\3.6.1.Final\jboss-logging-3.6.1.Final.jar;C:\Users\agent\.m2\repository\com\fasterxml\classmate\1.7.1\classmate-1.7.1.jar;C:\Users\agent\.m2\repository\com\mysql\mysql-connector-j\9.5.0\mysql-connector-j-9.5.0.jar;C:\Users\agent\.m2\repository\org\springframework\boot\spring-boot-thymeleaf\4.0.0\spring-boot-thymeleaf-4.0.0.jar;C:\Users\agent\.m2\repository\org\thymeleaf\thymeleaf-spring6\3.1.3.RELEASE\thymeleaf-spring6-3.1.3.RELEASE.jar;C:\Users\agent\.m2\repository\org\thymeleaf\thymeleaf\3.1.3.RELEASE\thymeleaf-3.1.3.RELEASE.jar;C:\Users\agent\.m2\repository\org\attoparser\attoparser\2.0.7.RELEASE\attoparser-2.0.7.RELEASE.jar;C:\Users\agent\.m2\repository\org\unbescape\unbescape\1.1.6.RELEASE\unbescape-1.1.6.RELEASE.jar;C:\Users\agent\.m2\repository\com\h2database\h2\2.4.240\h2-2.4.240.jar;C:\Users\agent\.m2\repository\org\slf4j\slf4j-api\2.0.17\slf4j-api-2.0.17.jar;C:\Users\agent\.m2\repository\jakarta\xml\bind\jakarta.xml.bind-api\4.0.4\jakarta.xml.bind-api-4.0.4.jar;C:\Users\agent\.m2\repository\jakarta\activation\jakarta.activation-api\2.1.4\jakarta.activation-api-2.1.4.jar;C:\Users\agent\.m2\repository\net\bytebuddy\byte-buddy\1.17.8\byte-buddy-1.17.8.jar;C:\Users\agent\.m2\repository\org\springframework\spring-core\7.0.1\spring-core-7.0.1.jar;C:\Users\agent\.m2\repository\commons-logging\commons-logging\1.3.5\commons-logging-1.3.5.jar;C:\Users\agent\.m2\repository\org\jspecify\jspecify\1.0.0\jspecify-1.0.0.jar
Launcher Type: SUN_STANDARD

[Global flags]
     intx CICompilerCount                          = 3                                         {product} {ergonomic}
     uint ConcGCThreads                            = 1                                         {product} {ergonomic}
     uint G1ConcRefinementThreads                  = 4                                         {product} {ergonomic}
   size_t G1HeapRegionSize                         = 1048576                                   {product} {ergonomic}
   size_t InitialHeapSize                          = 67108864                                  {product} {ergonomic}
   size_t MarkStackSize                            = 4194304                                   {product} {ergonomic}
   size_t MarkStackSizeMax                         = 536870912                                 {product} {ergonomic}
   size_t MaxHeapSize                              = 1050673152                                {product} {ergonomic}
   size_t MaxNewSize                               = 630194176                                 {product} {ergonomic}
   size_t MinHeapDeltaBytes                        = 1048576                                   {product} {ergonomic}
   size_t MinHeapSize                              = 8388608                                   {product} {ergonomic}
    uintx NonNMethodCodeHeapSize                   = 4096                                   {pd product} {ergonomic}
    uintx NonProfiledCodeHeapSize                  = 0                                      {pd product} {ergonomic}
     bool ProfileInterpreter                       = false                                  {pd product} {command line}
    uintx ProfiledCodeHeapSize                     = 0                                      {pd product} {ergonomic}
   size_t SoftMaxHeapSize                          = 1050673152                             {manageable} {ergonomic}
     intx TieredStopAtLevel                        = 1                                         {product} {command line}
     bool UseCompressedOops                        = true                           {product lp64_product} {ergonomic}
     bool UseG1GC                                  = true                                      {product} {ergonomic}
     bool UseLargePagesIndividualAllocation        = false                                  {pd product} {ergonomic}

Logging:
Log output configuration:
 #0: stdout all=warning uptime,level,tags foldmultilines=false
 #1: stderr all=off uptime,level,tags foldmultilines=false

Environment Variables:
JAVA_HOME=C:\Program Files\Apache NetBeans\jdk
PATH=C:\oracle\product\10.2.0\db_1\bin;C:\Program Files\Common Files\Oracle\Java\javapath;C:\Program Files (x86)\Common Files\Oracle\Java\javapath;C:\WINDOWS\system32;C:\WINDOWS;C:\WINDOWS\System32\Wbem;C:\WINDOWS\System32\WindowsPowerShell\v1.0\;C:\WINDOWS\System32\OpenSSH\;C:\Program Files (x86)\Intel\Intel(R) Management Engine Components\DAL;C:\Program Files\Intel\Intel(R) Management Engine Components\DAL;C:\Program Files (x86)\Intel\Intel(R) Management Engine Components\IPT;C:\Program Files\Intel\Intel(R) Management Engine Components\IPT;C:\Users\agent\AppData\Local\Microsoft\WindowsApps;
USERNAME=agent
OS=Windows_NT
PROCESSOR_IDENTIFIER=Intel64 Family 6 Model 142 Stepping 10, GenuineIntel
TMP=C:\Users\agent\AppData\Local\Temp
TEMP=C:\Users\agent\AppData\Local\Temp




Periodic native trim disabled

---------------  S Y S T E M  ---------------

OS:
 Windows 10 , 64 bit Build 19041 (10.0.19041.5915)
OS uptime: 0 days 3:25 hours

CPU: total 4 (initial active 4) (2 cores per cpu, 2 threads per core) family 6 model 142 stepping 10 microcode 0xe0, cx8, cmov, fxsr, ht, mmx, 3dnowpref, sse, sse2, sse3, ssse3, sse4.1, sse4.2, popcnt, lzcnt, tsc, tscinvbit, avx, avx2, aes, erms, clmul, bmi1, bmi2, adx, fma, vzeroupper, clflush, clflushopt, rdtscp, f16c
Processor Information for the first 4 processors :
  Max Mhz: 2201, Current Mhz: 2200, Mhz Limit: 2178

Memory: 4k page, system-wide physical 4007M (167M free)
TotalPageFile size 16295M (AvailPageFile size 0M)
current process WorkingSet (physical memory assigned to process): 199M, peak: 199M
current process commit charge ("private bytes"): 230M, peak: 230M

vm_info: OpenJDK 64-Bit Server VM (24.0.1+9) for windows-amd64 JRE (24.0.1+9) (Zulu24.30+11-CA), built on 2025-03-21T13:52:34Z with MS VC++ 17.1 (VS2022)

END.
